ticker,name,sector,index,market_cap,price,avg_dollar_volume,exchange,quote_type
MMM,3M,Industrials,S&P 500,94779465728,183.78,475063948.8,NYQ,EQUITY
AOS,A. O. Smith,Industrials,S&P 500,8506518016,62.59,114860786.7,NYQ,EQUITY
ABT,Abbott Laboratories,Health Care,S&P 500,193184497664,110.91,865188946.1999999,NYQ,EQUITY
ABBV,AbbVie,Health Care,S&P 500,439588093952,248.76,1400401882.8,NYQ,EQUITY
ACN,Accenture,Information Technology,S&P 500,110235246592,180.14,1049358733.5999999,NYQ,EQUITY
ADBE,Adobe Inc.,Information Technology,S&P 500,102853124096,258.75,1230715912.5,NMS,EQUITY
AMD,Advanced Micro Devices,Information Technology,S&P 500,788371144704,482.93,14180838618.1,NMS,EQUITY
AES,AES Corporation,Utilities,S&P 500,10490549248,14.71,113303333.7,NYQ,EQUITY
AFL,Aflac,Financials,S&P 500,60527177728,120.73,259954628.70000002,NYQ,EQUITY
A,Agilent Technologies,Health Care,S&P 500,41867710464,148.24,227785584.0,NYQ,EQUITY
APD,Air Products,Materials,S&P 500,67711991808,304.07,314827996.59999996,NYQ,EQUITY
ABNB,Airbnb,Consumer Discretionary,S&P 500,107838308352,180.095,1129719726.45,NMS,EQUITY
AKAM,Akamai Technologies,Information Technology,S&P 500,17645524992,122.78,519920504.6,NMS,EQUITY
ALB,Albemarle Corporation,Materials,S&P 500,15144768512,128.34,328880233.8,NYQ,EQUITY
ARE,Alexandria Real Estate Equities,Real Estate,S&P 500,8270899200,48.06,98349984.0,NYQ,EQUITY
ALGN,Align Technology,Health Care,S&P 500,12362000384,174.015,168014962.79999998,NMS,EQUITY
ALLE,Allegion,Industrials,S&P 500,14125460480,166.11,174980274.0,NYQ,EQUITY
LNT,Alliant Energy,Utilities,S&P 500,18212157440,70.24,218474495.99999997,NMS,EQUITY
ALL,Allstate,Financials,S&P 500,64691179520,255.84,499154073.6,NYQ,EQUITY
GOOGL,Alphabet Inc. (Class A),Communication Services,S&P 500,4201472065536,343.54,10859522701.0,NMS,EQUITY
GOOG,Alphabet Inc. (Class C),Communication Services,S&P 500,4187162935296,342.37,6922122252.5,NMS,EQUITY
MO,Altria,Consumer Staples,S&P 500,107498102784,64.38,725916046.1999999,NYQ,EQUITY
AMZN,Amazon,Consumer Discretionary,S&P 500,2882965864448,267.28,16000372408.8,NMS,EQUITY
AMCR,Amcor,Materials,S&P 500,21526816768,46.56,194363788.8,NYQ,EQUITY
AEE,Ameren,Utilities,S&P 500,30126084096,108.82,196762883.0,NYQ,EQUITY
AEP,American Electric Power,Utilities,S&P 500,67859132416,124.65,557431060.5,NMS,EQUITY
AXP,American Express,Financials,S&P 500,232360591360,344.08,812169872.8,NYQ,EQUITY
AIG,American International Group,Financials,S&P 500,39813087232,76.14,260560216.8,NYQ,EQUITY
AMT,American Tower,Real Estate,S&P 500,79413567488,170.43,484527377.1,NYQ,EQUITY
AWK,American Water Works,Utilities,S&P 500,26812514304,134.92,333951285.59999996,NYQ,EQUITY
AMP,Ameriprise Financial,Financials,S&P 500,49952190464,565.07,243511265.8,NYQ,EQUITY
AME,Ametek,Industrials,S&P 500,59253559296,258.52,333919943.2,NYQ,EQUITY
AMGN,Amgen,Health Care,S&P 500,224615792640,416.18,1176182945.2,NMS,EQUITY
APH,Amphenol,Information Technology,S&P 500,209557864448,169.96,1150722678.0,NYQ,EQUITY
ADI,Analog Devices,Information Technology,S&P 500,187250868224,384.43,1380280537.8,NMS,EQUITY
AON,Aon plc,Financials,S&P 500,74744520704,352.36,470897427.6,NYQ,EQUITY
APA,APA Corporation,Energy,S&P 500,14003550208,39.97,254594510.79999998,NMS,EQUITY
APO,Apollo Global Management,Financials,S&P 500,81855184896,138.61,612521748.3000001,NYQ,EQUITY
AAPL,Apple Inc.,Information Technology,S&P 500,4411090796544,302.25,18233337037.5,NMS,EQUITY
AMAT,Applied Materials,Information Technology,S&P 500,435208880128,548.15,3756159504.5,NMS,EQUITY
APP,AppLovin,Communication Services,S&P 500,101653446656,303.76,2797447344.0,NMS,EQUITY
APTV,Aptiv,Consumer Discretionary,S&P 500,10259362816,48.48,291315835.2,NYQ,EQUITY
ACGL,Arch Capital Group,Financials,S&P 500,33175889920,97.29,164746021.5,NMS,EQUITY
ADM,Archer Daniels Midland,Consumer Staples,S&P 500,38426394624,79.73,369991848.8,NYQ,EQUITY
ARES,Ares Management,Financials,S&P 500,46953668608,142.35,377106502.5,NYQ,EQUITY
ANET,Arista Networks,Information Technology,S&P 500,265487794176,210.5,2002196010.0,NYQ,EQUITY
AJG,Arthur J. Gallagher & Co.,Financials,S&P 500,65484869632,255.46,368897013.0,NYQ,EQUITY
AIZ,Assurant,Financials,S&P 500,13865896960,281.12,127487920.0,NYQ,EQUITY
T,AT&T,Communication Services,S&P 500,166170361856,24.25,1156068310.0,NYQ,EQUITY
ATO,Atmos Energy,Utilities,S&P 500,28658769920,169.59,182405916.3,NYQ,EQUITY
ADSK,Autodesk,Information Technology,S&P 500,52682850304,249.51,457958139.3,NMS,EQUITY
ADP,Automatic Data Processing,Industrials,S&P 500,106994769920,269.33,641511740.4,NMS,EQUITY
AZO,AutoZone,Consumer Discretionary,S&P 500,49724911616,3045.87,461571139.8,NYQ,EQUITY
AVB,AvalonBay Communities,Real Estate,S&P 500,25673646080,179.79,162673992.0,NYQ,EQUITY
AVY,Avery Dennison,Materials,S&P 500,13847054336,181.03,174158101.2,NYQ,EQUITY
AXON,Axon Enterprise,Industrials,S&P 500,48724578304,599.78,712448673.0,NMS,EQUITY
BKR,Baker Hughes,Energy,S&P 500,63809085440,64.28,419143525.2,NMS,EQUITY
BALL,Ball Corporation,Materials,S&P 500,16544558080,62.14,127509415.8,NYQ,EQUITY
BAC,Bank of America,Financials,S&P 500,453200019456,64.81,1655421738.9,NYQ,EQUITY
BAX,Baxter International,Health Care,S&P 500,13933042688,26.95,268919766.5,NYQ,EQUITY
BDX,Becton Dickinson,Health Care,S&P 500,50004770816,183.58,374840987.20000005,NYQ,EQUITY
BRK-B,Berkshire Hathaway,Financials,S&P 500,1091761995776,510.0,2252557800.0,NYQ,EQUITY
BBY,Best Buy,Consumer Discretionary,S&P 500,17493671936,83.0,284862640.0,NYQ,EQUITY
TECH,Bio-Techne,Health Care,S&P 500,11254204416,72.23,253118478.20000002,NMS,EQUITY
BIIB,Biogen,Health Care,S&P 500,30861377536,208.87,190911357.4,NMS,EQUITY
BLK,BlackRock,Financials,S&P 500,188620242944,1160.91,684727936.2,NYQ,EQUITY
BX,Blackstone Inc.,Financials,S&P 500,175003549696,146.41,739090856.9,NYQ,EQUITY
XYZ,"Block, Inc.",Financials,S&P 500,47030231040,78.28,435675168.0,NYQ,EQUITY
BNY,BNY Mellon,Financials,S&P 500,110548672512,162.93,414953382.6,NYQ,EQUITY
BA,Boeing,Industrials,S&P 500,182600024064,231.2,1376604104.0,NYQ,EQUITY
BKNG,Booking Holdings,Consumer Discretionary,S&P 500,164475699200,212.26,1391406752.0,NMS,EQUITY
BSX,Boston Scientific,Health Care,S&P 500,74519379968,51.42,971837485.8000001,NYQ,EQUITY
BMY,Bristol Myers Squibb,Health Care,S&P 500,130120925184,63.7,932471176.0,NYQ,EQUITY
AVGO,Broadcom,Information Technology,S&P 500,1979391279104,416.05,7446109257.5,NMS,EQUITY
BR,Broadridge Financial Solutions,Industrials,S&P 500,19577481216,169.27,258742736.60000002,NYQ,EQUITY
BRO,Brown & Brown,Financials,S&P 500,23777411072,71.06,162758666.4,NYQ,EQUITY
BF-B,Brown–Forman,Consumer Staples,S&P 500,12811490304,27.92,53232830.400000006,NYQ,EQUITY
BLDR,Builders FirstSource,Industrials,S&P 500,7791059968,72.41,176093879.0,NYQ,EQUITY
BG,Bunge Global,Consumer Staples,S&P 500,21469310976,111.75,173380125.0,NYQ,EQUITY
BXP,"BXP, Inc.",Real Estate,S&P 500,12290620416,67.95,88636018.5,NYQ,EQUITY
CHRW,C.H. Robinson,Industrials,S&P 500,17142078464,146.7,377693820.0,NMS,EQUITY
CDNS,Cadence Design Systems,Information Technology,S&P 500,89124421632,323.13,638527499.1,NMS,EQUITY
CPT,Camden Property Trust,Real Estate,S&P 500,10896454656,108.38,112032406.0,NYQ,EQUITY
COF,Capital One,Financials,S&P 500,136466948096,222.44,698588390.8,NYQ,EQUITY
CAH,Cardinal Health,Health Care,S&P 500,54459932672,234.16,494344542.4,NYQ,EQUITY
CCL,Carnival Corporation,Consumer Discretionary,S&P 500,37898190848,27.67,480549593.90000004,NYQ,EQUITY
CARR,Carrier Global,Industrials,S&P 500,52393013248,63.08,405256829.2,NYQ,EQUITY
CVNA,Carvana,Consumer Discretionary,S&P 500,107855486976,72.48,823585891.2,NYQ,EQUITY
CASY,Casey's,Consumer Staples,S&P 500,31048232960,839.03,238544619.29999998,NMS,EQUITY
CAT,Caterpillar Inc.,Industrials,S&P 500,393297821696,855.6,2685497388.0,NYQ,EQUITY
CBRE,CBRE Group,Real Estate,S&P 500,42683396096,147.4,243286648.0,NYQ,EQUITY
CDW,CDW Corporation,Information Technology,S&P 500,17086131200,136.67,306038297.5,NMS,EQUITY
COR,Cencora,Health Care,S&P 500,59952173056,314.17,576511375.1,NYQ,EQUITY
CNC,Centene Corporation,Health Care,S&P 500,33132244992,67.07,332555193.09999996,NYQ,EQUITY
CNP,CenterPoint Energy,Utilities,S&P 500,26697930752,40.53,291634425.6,NYQ,EQUITY
CF,CF Industries,Materials,S&P 500,18162089984,120.01,300268620.3,NYQ,EQUITY
CRL,Charles River Laboratories,Health Care,S&P 500,13575502848,284.37,292210080.9,NYQ,EQUITY
SCHW,Charles Schwab Corporation,Financials,S&P 500,189085564928,109.34,775028161.6,NYQ,EQUITY
CHTR,Charter Communications,Communication Services,S&P 500,20246274048,150.22,341383963.2,NMS,EQUITY
CVX,Chevron Corporation,Energy,S&P 500,385651212288,196.6,1645500714.0,NYQ,EQUITY
CMG,Chipotle Mexican Grill,Consumer Discretionary,S&P 500,41303240704,32.64,743878329.6,NYQ,EQUITY
CB,Chubb Limited,Financials,S&P 500,132456660992,343.33,483188908.79999995,NYQ,EQUITY
CHD,Church & Dwight,Consumer Staples,S&P 500,24014522368,101.24,217691310.0,NYQ,EQUITY
CIEN,Ciena,Information Technology,S&P 500,61157941248,432.05,876110990.0,NYQ,EQUITY
CI,Cigna,Health Care,S&P 500,73302949888,277.41,658499213.4000001,NYQ,EQUITY
CINF,Cincinnati Financial,Financials,S&P 500,26470359040,172.47,109532247.6,NMS,EQUITY
CTAS,Cintas,Industrials,S&P 500,81438507008,203.51,424696878.59999996,NMS,EQUITY
CSCO,Cisco,Information Technology,S&P 500,488264925184,123.88,2607392792.4,NMS,EQUITY
C,Citigroup,Financials,S&P 500,230781763584,137.58,1232503551.0,NYQ,EQUITY
CFG,Citizens Financial Group,Financials,S&P 500,31129178112,73.91,234234093.79999998,NYQ,EQUITY
CLX,Clorox,Consumer Staples,S&P 500,12789663744,105.76,319215408.0,NYQ,EQUITY
CME,CME Group,Financials,S&P 500,94270898176,262.17,502157796.3,NMS,EQUITY
CMS,CMS Energy,Utilities,S&P 500,21630550016,70.02,285890959.8,NYQ,EQUITY
KO,Coca-Cola Company (The),Consumer Staples,S&P 500,373074034688,86.71,1349726125.8,NYQ,EQUITY
CTSH,Cognizant,Information Technology,S&P 500,27528599552,58.2,608427456.0,NMS,EQUITY
COHR,Coherent Corp.,Information Technology,S&P 500,69577170944,355.64,2773839074.7999997,NYQ,EQUITY
COIN,Coinbase,Financials,S&P 500,39322255360,149.04,1268132176.8,NMS,EQUITY
CL,Colgate-Palmolive,Consumer Staples,S&P 500,73594994688,92.32,452724355.2,NYQ,EQUITY
CMCSA,Comcast,Communication Services,S&P 500,90383769600,25.47,676415195.1,NMS,EQUITY
FIX,Comfort Systems USA,Industrials,S&P 500,61196599296,1738.82,728252592.4,NYQ,EQUITY
COP,ConocoPhillips,Energy,S&P 500,152930271232,127.3,885610824.0,NYQ,EQUITY
ED,Consolidated Edison,Utilities,S&P 500,39860129792,107.78,258031786.8,NYQ,EQUITY
STZ,Constellation Brands,Consumer Staples,S&P 500,22880952320,133.96,219162578.8,NYQ,EQUITY
CEG,Constellation Energy,Utilities,S&P 500,98738380800,278.68,820941117.6,NMS,EQUITY
COO,Cooper Companies (The),Health Care,S&P 500,14964700160,76.73,159016019.3,NMS,EQUITY
CPRT,Copart,Industrials,S&P 500,27926310912,28.99,258901282.89999998,NMS,EQUITY
GLW,Corning Inc.,Information Technology,S&P 500,143937765376,167.44,2031425614.3999999,NYQ,EQUITY
CPAY,Corpay,Financials,S&P 500,26899425280,409.68,262895752.8,NYQ,EQUITY
CTVA,Corteva,Materials,S&P 500,50393317376,75.53,461362164.90000004,NYQ,EQUITY
CSGP,CoStar Group,Real Estate,S&P 500,12358526976,30.5,205347655.0,NMS,EQUITY
COST,Costco,Consumer Staples,S&P 500,421116411904,949.575,1753978974.0,NMS,EQUITY
CRH,CRH plc,Materials,S&P 500,65191223296,97.99,511429408.0,NYQ,EQUITY
CRWD,CrowdStrike,Information Technology,S&P 500,225829535744,221.78,1708985670.6,NMS,EQUITY
CCI,Crown Castle,Real Estate,S&P 500,31470938112,73.97,313730440.4,NYQ,EQUITY
CSX,CSX Corporation,Industrials,S&P 500,92771942400,50.08,575773766.4,NMS,EQUITY
CMI,Cummins,Industrials,S&P 500,88016322560,637.85,702355770.5,NYQ,EQUITY
CVS,CVS Health,Health Care,S&P 500,121144074240,94.72,870682342.4,NYQ,EQUITY
DHR,Danaher Corporation,Health Care,S&P 500,144667492352,205.79,788535832.5,NYQ,EQUITY
DRI,Darden Restaurants,Consumer Discretionary,S&P 500,25851187200,227.68,267032211.20000002,NYQ,EQUITY
DDOG,Datadog,Information Technology,S&P 500,86504759296,240.91,1642673744.2,NMS,EQUITY
DVA,DaVita,Health Care,S&P 500,11649577984,181.5,267828660.0,NYQ,EQUITY
DECK,Deckers Brands,Consumer Discretionary,S&P 500,12419784704,91.2,193567440.0,NYQ,EQUITY
DE,Deere & Company,Industrials,S&P 500,167404404736,619.77,597669001.8,NYQ,EQUITY
DELL,Dell Technologies,Information Technology,S&P 500,313056002048,484.5,2798379945.0,NYQ,EQUITY
DAL,Delta Air Lines,Industrials,S&P 500,59140038656,89.93,401580616.40000004,NYQ,EQUITY
DVN,Devon Energy,Energy,S&P 500,49345998848,44.86,467871407.4,NYQ,EQUITY
DXCM,Dexcom,Health Care,S&P 500,34264358912,90.8,604259472.0,NMS,EQUITY
FANG,Diamondback Energy,Energy,S&P 500,56498966528,200.84,382803048.40000004,NMS,EQUITY
DLR,Digital Realty,Real Estate,S&P 500,74232733696,197.06,432659024.2,NYQ,EQUITY
DG,Dollar General,Consumer Staples,S&P 500,26382161920,119.6,222868620.0,NYQ,EQUITY
DLTR,Dollar Tree,Consumer Staples,S&P 500,24715575296,128.61,228834486.90000004,NMS,EQUITY
D,Dominion Energy,Utilities,S&P 500,59842945024,68.04,255516735.60000002,NYQ,EQUITY
DPZ,Domino's,Consumer Discretionary,S&P 500,11701671936,353.72,260854351.20000002,NMS,EQUITY
DASH,DoorDash,Consumer Discretionary,S&P 500,92070993920,212.49,1019554643.7,NMS,EQUITY
DOV,Dover Corporation,Industrials,S&P 500,28022915072,208.07,218669085.79999998,NYQ,EQUITY
DOW,Dow Inc.,Materials,S&P 500,22081955840,30.57,266042150.4,NYQ,EQUITY
DHI,D. R. Horton,Consumer Discretionary,S&P 500,40786042880,145.82,317883225.4,NYQ,EQUITY
DTE,DTE Energy,Utilities,S&P 500,28857651200,138.68,195408440.8,NYQ,EQUITY
DUK,Duke Energy,Utilities,S&P 500,96285425664,123.49,719339129.1999999,NYQ,EQUITY
DD,DuPont,Industrials,S&P 500,19492751360,144.37,335198266.0,NYQ,EQUITY
ETN,Eaton Corporation,Industrials,S&P 500,178602459136,459.96,1180243561.2,NYQ,EQUITY
EBAY,eBay Inc.,Consumer Discretionary,S&P 500,45527949312,102.31,508912448.2,NMS,EQUITY
ECHO,EchoStar,Communication Services,S&P 500,26870390784,92.5,472983950.0,NMS,EQUITY
ECL,Ecolab,Materials,S&P 500,78051893248,278.43,337142534.1,NYQ,EQUITY
EIX,Edison International,Utilities,S&P 500,26706092032,69.4,287511014.0,NYQ,EQUITY
EW,Edwards Lifesciences,Health Care,S&P 500,53578190848,93.05,324333219.0,NYQ,EQUITY
ELV,Elevance Health,Health Care,S&P 500,86561210368,399.14,395364135.59999996,NYQ,EQUITY
EME,Emcor,Industrials,S&P 500,36761190400,833.4,378563616.0,NYQ,EQUITY
EMR,Emerson Electric,Industrials,S&P 500,91744378880,163.8,587532582.0,NYQ,EQUITY
ETR,Entergy,Utilities,S&P 500,50326204416,107.85,276937230.0,NYQ,EQUITY
EOG,EOG Resources,Energy,S&P 500,76240445440,143.14,460711835.4,NYQ,EQUITY
EQT,EQT Corporation,Energy,S&P 500,33815398400,54.06,306366129.0,NYQ,EQUITY
EFX,Equifax,Industrials,S&P 500,21201326080,180.46,214962147.4,NYQ,EQUITY
EQIX,Equinix,Real Estate,S&P 500,105496813568,1069.17,731889631.8000001,NMS,EQUITY
EQR,Equity Residential,Real Estate,S&P 500,24903776256,64.42,185936734.4,NYQ,EQUITY
ERIE,Erie Indemnity,Financials,S&P 500,13499675648,258.17,77373549.0,NMS,EQUITY
ESS,Essex Property Trust,Real Estate,S&P 500,19386869760,281.27,121564893.99999999,NYQ,EQUITY
EL,Estée Lauder Companies (The),Consumer Staples,S&P 500,31722178560,87.68,215035200.00000003,NYQ,EQUITY
EG,Everest Group,Financials,S&P 500,13944102912,363.67,129299231.80000001,NYQ,EQUITY
EVRG,Evergy,Utilities,S&P 500,19210856448,83.32,169030450.79999998,NMS,EQUITY
ES,Eversource Energy,Utilities,S&P 500,26908526592,71.55,192889498.5,NYQ,EQUITY
EXC,Exelon,Utilities,S&P 500,46588084224,45.22,374704225.0,NMS,EQUITY
EXE,Expand Energy,Energy,S&P 500,23032952832,96.28,265222516.0,NMS,EQUITY
EXPE,Expedia Group,Consumer Discretionary,S&P 500,39074697216,325.57,604811389.0,NMS,EQUITY
EXPD,Expeditors International,Industrials,S&P 500,23979370496,184.47,252135440.7,NYQ,EQUITY
EXR,Extra Space Storage,Real Estate,S&P 500,32390303744,146.76,167649818.39999998,NYQ,EQUITY
XOM,ExxonMobil,Energy,S&P 500,656877944832,159.75,2335811782.5,NYQ,EQUITY
FFIV,"F5, Inc.",Information Technology,S&P 500,23950469120,422.95,308004878.5,NMS,EQUITY
FDS,FactSet,Financials,S&P 500,9886865408,277.99,203196790.5,NYQ,EQUITY
FICO,Fair Isaac,Information Technology,S&P 500,22552467456,1044.21,543866336.4,NYQ,EQUITY
FAST,Fastenal,Industrials,S&P 500,59922325504,52.22,447084663.2,NMS,EQUITY
FRT,Federal Realty Investment Trust,Real Estate,S&P 500,10187705344,117.21,121014636.6,NYQ,EQUITY
FDX,FedEx,Industrials,S&P 500,77307633664,326.77,481966143.79999995,NYQ,EQUITY
FDXF,FedEx Freight,Industrials,S&P 500,21117941760,141.24,139615740.0,NYQ,EQUITY
FERG,Ferguson Enterprises,Industrials,S&P 500,47430737920,245.18,1829368889.4,NYQ,EQUITY
FIS,Fidelity National Information Services,Financials,S&P 500,21667571712,41.92,334431052.8,NYQ,EQUITY
FITB,Fifth Third Bancorp,Financials,S&P 500,52590297088,58.01,299208038.7,NYQ,EQUITY
FSLR,First Solar,Information Technology,S&P 500,24370925568,226.77,790170994.2,NMS,EQUITY
FE,FirstEnergy,Utilities,S&P 500,27192047616,47.01,243420130.5,NYQ,EQUITY
FISV,Fiserv,Financials,S&P 500,27417892864,51.56,563158944.0,NMS,EQUITY
FLEX,Flex Ltd.,Information Technology,S&P 500,46001754112,124.53,541162549.2,NMS,EQUITY
F,Ford Motor Company,Consumer Discretionary,S&P 500,55148449792,13.83,639089278.8,NYQ,EQUITY
FTNT,Fortinet,Information Technology,S&P 500,118010503168,160.84,926327420.4,NMS,EQUITY
FTV,Fortive,Industrials,S&P 500,18761148416,61.54,163508703.0,NYQ,EQUITY
FOXA,Fox Corporation (Class A),Communication Services,S&P 500,26458941440,63.05,330920447.0,NMS,EQUITY
FOX,Fox Corporation (Class B),Communication Services,S&P 500,23487819776,55.97,61553567.199999996,NMS,EQUITY
BEN,Franklin Resources,Financials,S&P 500,17066303488,33.59,176091544.20000002,NYQ,EQUITY
FCX,Freeport-McMoRan,Materials,S&P 500,96908001280,69.22,857390761.1999999,NYQ,EQUITY
GRMN,Garmin,Consumer Discretionary,S&P 500,59781570560,309.98,283383716.0,NYQ,EQUITY
IT,Gartner,Information Technology,S&P 500,11332715520,179.46,323770964.40000004,NYQ,EQUITY
GE,GE Aerospace,Industrials,S&P 500,379052687360,365.33,1121175850.2,NYQ,EQUITY
GEHC,GE HealthCare,Health Care,S&P 500,32879577088,72.28,281796590.4,NMS,EQUITY
GEV,GE Vernova,Industrials,S&P 500,276960313344,1039.9,2116352485.0000002,NYQ,EQUITY
GEN,Gen Digital,Information Technology,S&P 500,17143531520,28.64,160724243.20000002,NMS,EQUITY
GNRC,Generac,Industrials,S&P 500,13093351424,221.9,278144993.0,NYQ,EQUITY
GD,General Dynamics,Industrials,S&P 500,106656342016,394.21,384303502.7,NYQ,EQUITY
GIS,General Mills,Consumer Staples,S&P 500,20376985600,38.18,323164683.2,NYQ,EQUITY
GM,General Motors,Consumer Discretionary,S&P 500,78470217728,86.76,454917384.0,NYQ,EQUITY
GPC,Genuine Parts Company,Consumer Discretionary,S&P 500,18474586112,134.01,158167982.7,NYQ,EQUITY
GILD,Gilead Sciences,Health Care,S&P 500,168472707072,135.87,1055739791.4,NMS,EQUITY
GPN,Global Payments,Financials,S&P 500,23426664448,88.53,311873484.0,NYQ,EQUITY
GL,Globe Life,Financials,S&P 500,13813779456,177.91,110748975.0,NYQ,EQUITY
GDDY,GoDaddy,Information Technology,S&P 500,11628791808,91.82,245643291.39999998,NYQ,EQUITY
GS,Goldman Sachs,Financials,S&P 500,302005878784,1037.21,1912013658.2,NYQ,EQUITY
HAL,Halliburton,Energy,S&P 500,27810392064,33.29,335554211.7,NYQ,EQUITY
HIG,Hartford (The),Financials,S&P 500,37676539904,137.44,205023371.2,NYQ,EQUITY
HAS,Hasbro,Consumer Discretionary,S&P 500,13383708672,94.89,173931472.2,NMS,EQUITY
HCA,HCA Healthcare,Health Care,S&P 500,91972567040,414.59,477164068.7,NYQ,EQUITY
DOC,Healthpeak Properties,Real Estate,S&P 500,14646850560,20.66,131837864.6,NYQ,EQUITY
HSIC,Henry Schein,Health Care,S&P 500,10336806912,90.74,130987727.0,NMS,EQUITY
HSY,Hershey Company (The),Consumer Staples,S&P 500,37016535040,184.23,275888109.59999996,NYQ,EQUITY
HPE,Hewlett Packard Enterprise,Information Technology,S&P 500,77849927680,58.79,1046996401.1,NYQ,EQUITY
HLT,Hilton Worldwide,Consumer Discretionary,S&P 500,72590188544,322.53,672129942.9,NYQ,EQUITY
HD,Home Depot (The),Consumer Discretionary,S&P 500,342439755776,343.43,1284383554.1000001,NYQ,EQUITY
HONA,Honeywell Aerospace,Industrials,S&P 500,53182488576,167.8,955379368.0000001,NMS,EQUITY
HON,Honeywell Technologies,Industrials,S&P 500,74588659712,235.34,812195994.4,NMS,EQUITY
HRL,Hormel Foods,Consumer Staples,S&P 500,13421431808,24.39,80124076.8,NYQ,EQUITY
HST,Host Hotels & Resorts,Real Estate,S&P 500,15839762432,22.8,265737420.0,NMS,EQUITY
HWM,Howmet Aerospace,Industrials,S&P 500,112314441728,281.63,599615616.7,NYQ,EQUITY
HPQ,HP Inc.,Information Technology,S&P 500,26777225216,29.28,424119921.6,NYQ,EQUITY
HUBB,Hubbell Incorporated,Industrials,S&P 500,27102547968,512.9,295528363.9,NYQ,EQUITY
HUM,Humana,Health Care,S&P 500,46690824192,388.83,551399823.0,NYQ,EQUITY
HBAN,Huntington Bancshares,Financials,S&P 500,36084609024,17.86,428695187.4,NMS,EQUITY
HII,Huntington Ingalls Industries,Industrials,S&P 500,12877422592,326.8,197040792.0,NYQ,EQUITY
IBM,IBM,Information Technology,S&P 500,222324867072,235.98,1569635128.8,NYQ,EQUITY
IEX,IDEX Corporation,Industrials,S&P 500,17731108864,240.52,167587120.4,NYQ,EQUITY
IDXX,Idexx Laboratories,Health Care,S&P 500,45009063936,570.58,434154322.00000006,NMS,EQUITY
ITW,Illinois Tool Works,Industrials,S&P 500,83306848256,292.51,344606031.0,NYQ,EQUITY
INCY,Incyte,Health Care,S&P 500,24479805440,120.77,207345182.2,NMS,EQUITY
IR,Ingersoll Rand,Industrials,S&P 500,32886831104,84.76,403311812.8,NYQ,EQUITY
PODD,Insulet Corporation,Health Care,S&P 500,10060520448,145.06,319567180.0,NMS,EQUITY
INTC,Intel,Information Technology,S&P 500,530444419072,100.95,11487970689.0,NMS,EQUITY
IBKR,Interactive Brokers,Financials,S&P 500,156171747328,91.66,472928936.0,NMS,EQUITY
ICE,Intercontinental Exchange,Financials,S&P 500,84955832320,151.33,694627399.5,NYQ,EQUITY
IFF,International Flavors & Fragrances,Materials,S&P 500,21407195136,83.85,159853317.0,NYQ,EQUITY
IP,International Paper,Materials,S&P 500,21786505216,41.14,192902580.2,NYQ,EQUITY
INTU,Intuit,Information Technology,S&P 500,91555561472,334.71,1106223244.2,NMS,EQUITY
ISRG,Intuitive Surgical,Health Care,S&P 500,143766224896,401.27,1264377693.8,NMS,EQUITY
IVZ,Invesco,Financials,S&P 500,13924910080,31.54,158466422.0,NYQ,EQUITY
INVH,Invitation Homes,Real Estate,S&P 500,17690570752,29.78,134332517.4,NYQ,EQUITY
IQV,IQVIA,Health Care,S&P 500,39785467904,241.71,317121102.90000004,NYQ,EQUITY
IRM,Iron Mountain,Real Estate,S&P 500,37022322688,124.36,271614676.0,NYQ,EQUITY
JBHT,J.B. Hunt,Industrials,S&P 500,25912643584,275.96,222804584.79999998,NMS,EQUITY
JBL,Jabil,Information Technology,S&P 500,38368841728,366.16,406005531.20000005,NYQ,EQUITY
JKHY,Jack Henry & Associates,Financials,S&P 500,10821744640,152.31,130400206.5,NMS,EQUITY
J,Jacobs Solutions,Industrials,S&P 500,17165416448,145.37,132776596.9,NYQ,EQUITY
JNJ,Johnson & Johnson,Health Care,S&P 500,628646084608,260.86,1823839210.4,NYQ,EQUITY
JCI,Johnson Controls,Industrials,S&P 500,92551233536,152.79,561443661.9,NYQ,EQUITY
JPM,JPMorgan Chase,Financials,S&P 500,970716413952,365.18,2156351382.0,NYQ,EQUITY
KVUE,Kenvue,Consumer Staples,S&P 500,36456280064,18.98,416843884.6,NYQ,EQUITY
KDP,Keurig Dr Pepper,Consumer Staples,S&P 500,40226017280,29.56,411953776.4,NMS,EQUITY
KEY,KeyCorp,Financials,S&P 500,24538880000,22.89,196372165.5,NYQ,EQUITY
KEYS,Keysight Technologies,Information Technology,S&P 500,60582404096,354.5,355549320.0,NYQ,EQUITY
KMB,Kimberly-Clark,Consumer Staples,S&P 500,36158263296,108.93,459344738.40000004,NMS,EQUITY
KIM,Kimco Realty,Real Estate,S&P 500,16219686912,24.18,128199216.6,NYQ,EQUITY
KMI,Kinder Morgan,Energy,S&P 500,70593724416,31.73,282257705.3,NYQ,EQUITY
KKR,KKR & Co.,Financials,S&P 500,102426189824,110.9,642523548.0,NYQ,EQUITY
KLAC,KLA Corporation,Information Technology,S&P 500,272088367104,208.25,2438438817.5,NMS,EQUITY
KHC,Kraft Heinz,Consumer Staples,S&P 500,29088258048,24.53,405084249.90000004,NMS,EQUITY
KR,Kroger,Consumer Staples,S&P 500,34345009152,56.06,353309741.0,NYQ,EQUITY
LHX,L3Harris,Industrials,S&P 500,54140039168,290.74,551530872.6,NYQ,EQUITY
LH,Labcorp,Health Care,S&P 500,26234228736,323.48,218484861.60000002,NYQ,EQUITY
LRCX,Lam Research,Information Technology,S&P 500,408068259840,326.11,3478103377.3,NMS,EQUITY
LVS,Las Vegas Sands,Consumer Discretionary,S&P 500,29586991104,45.68,249356156.8,NYQ,EQUITY
LDOS,Leidos,Industrials,S&P 500,17657763840,140.38,265705648.79999998,NYQ,EQUITY
LEN,Lennar,Consumer Discretionary,S&P 500,20524265472,85.2,172111668.0,NYQ,EQUITY
LII,Lennox International,Industrials,S&P 500,14546933760,420.91,274227074.1,NYQ,EQUITY
LLY,Lilly (Eli),Health Care,S&P 500,1087705186304,1220.28,3999333469.2,NYQ,EQUITY
LIN,Linde plc,Materials,S&P 500,221007708160,479.43,1194418341.9,NMS,EQUITY
LYV,Live Nation Entertainment,Communication Services,S&P 500,43174383616,185.33,464225703.8,NYQ,EQUITY
LMT,Lockheed Martin,Industrials,S&P 500,140025364480,606.72,664006502.4,NYQ,EQUITY
L,Loews Corporation,Financials,S&P 500,23126906880,113.13,77240638.8,NYQ,EQUITY
LOW,Lowe's,Consumer Discretionary,S&P 500,121159172096,215.97,542229399.9,NYQ,EQUITY
LULU,Lululemon Athletica,Consumer Discretionary,S&P 500,13725262848,120.87,279990520.2,NMS,EQUITY
LITE,Lumentum,Information Technology,S&P 500,82616836096,932.47,5435106538.400001,NMS,EQUITY
LYB,LyondellBasell,Materials,S&P 500,20286783488,62.8,291680252.0,NYQ,EQUITY
MTB,M&T Bank,Financials,S&P 500,36747759616,253.55,233154438.0,NYQ,EQUITY
MPC,Marathon Petroleum,Energy,S&P 500,101666938880,348.25,873870690.0,NYQ,EQUITY
MAR,Marriott International,Consumer Discretionary,S&P 500,92462505984,354.58,794925810.4,NMS,EQUITY
MRSH,Marsh McLennan,Financials,S&P 500,90126123008,188.86,390704125.0,NYQ,EQUITY
MLM,Martin Marietta Materials,Materials,S&P 500,32669812736,543.9,342580854.0,NYQ,EQUITY
MRVL,Marvell Technology,Information Technology,S&P 500,194838953984,217.08,4885795681.2,NMS,EQUITY
MAS,Masco,Industrials,S&P 500,14718068736,74.64,201480230.4,NYQ,EQUITY
MA,Mastercard,Financials,S&P 500,490329014272,559.73,1862059388.3,NYQ,EQUITY
MKC,McCormick & Company,Consumer Staples,S&P 500,14241067008,52.97,134323444.8,NYQ,EQUITY
MCD,McDonald's,Consumer Discretionary,S&P 500,195096772608,275.7,1377212481.0,NYQ,EQUITY
MCK,McKesson Corporation,Health Care,S&P 500,102451445760,878.73,994309356.9,NYQ,EQUITY
MDT,Medtronic,Health Care,S&P 500,116176904192,90.76,599836470.4,NYQ,EQUITY
MRK,Merck & Co.,Health Care,S&P 500,327936442368,132.92,1142646780.0,NYQ,EQUITY
META,Meta Platforms,Communication Services,S&P 500,1474623832064,578.85,11150532262.5,NMS,EQUITY
MET,MetLife,Financials,S&P 500,61425201152,96.66,406937633.4,NYQ,EQUITY
MTD,Mettler Toledo,Health Care,S&P 500,28823193600,1438.53,244765879.5,NYQ,EQUITY
MGM,MGM Resorts,Consumer Discretionary,S&P 500,11065049088,43.98,127290434.39999999,NYQ,EQUITY
MCHP,Microchip Technology,Information Technology,S&P 500,43136614400,79.44,942778032.0,NMS,EQUITY
MU,Micron Technology,Information Technology,S&P 500,1029204672512,911.29,36145005592.4,NMS,EQUITY
MSFT,Microsoft,Information Technology,S&P 500,3656561459200,492.43,23130126502.0,NMS,EQUITY
MAA,Mid-America Apartment Communities,Real Estate,S&P 500,15790494720,132.33,148740243.3,NYQ,EQUITY
MRNA,Moderna,Health Care,S&P 500,25419350016,63.67,371674898.40000004,NMS,EQUITY
TAP,Molson Coors Beverage Company,Consumer Staples,S&P 500,7750889984,41.57,131765260.4,NYQ,EQUITY
MDLZ,Mondelez International,Consumer Staples,S&P 500,79817342976,62.18,521626776.4,NMS,EQUITY
MPWR,Monolithic Power Systems,Information Technology,S&P 500,70029262848,1425.01,1308059429.3,NMS,EQUITY
MNST,Monster Beverage,Consumer Staples,S&P 500,90077200384,45.98,542679409.8,NMS,EQUITY
MCO,Moody's Corporation,Financials,S&P 500,82752806912,477.84,361371278.4,NYQ,EQUITY
MS,Morgan Stanley,Financials,S&P 500,342130065408,217.64,1088065063.2,NYQ,EQUITY
MOS,Mosaic Company (The),Materials,S&P 500,7184441856,22.6,180538518.0,NYQ,EQUITY
MSI,Motorola Solutions,Information Technology,S&P 500,77739048960,469.74,460110330.0,NYQ,EQUITY
MSCI,MSCI,Financials,S&P 500,40930828288,563.01,390447435.0,NYQ,EQUITY
NDAQ,"Nasdaq, Inc.",Financials,S&P 500,53471776768,95.66,297046301.8,NMS,EQUITY
NTAP,NetApp,Information Technology,S&P 500,39585619968,202.05,504900724.5,NMS,EQUITY
NFLX,Netflix,Communication Services,S&P 500,309005942784,74.21,2412270260.0,NMS,EQUITY
NEM,Newmont,Materials,S&P 500,124167094272,117.84,905211528.0,NYQ,EQUITY
NWSA,News Corp (Class A),Communication Services,S&P 500,15496601600,28.67,130220860.2,NMS,EQUITY
NWS,News Corp (Class B),Communication Services,S&P 500,17664071680,32.68,38820572.0,NMS,EQUITY
NEE,NextEra Energy,Utilities,S&P 500,178903220224,85.78,961647841.4,NYQ,EQUITY
NKE,"Nike, Inc.",Consumer Discretionary,S&P 500,60096532480,40.51,917799826.3,NYQ,EQUITY
NI,NiSource,Utilities,S&P 500,20136728576,41.99,311577977.1,NYQ,EQUITY
NDSN,Nordson Corporation,Industrials,S&P 500,17342769152,311.26,92164086.0,NMS,EQUITY
NSC,Norfolk Southern,Industrials,S&P 500,75335892992,335.41,389021934.40000004,NYQ,EQUITY
NTRS,Northern Trust,Financials,S&P 500,35004903424,191.33,213089960.9,NMS,EQUITY
NOC,Northrop Grumman,Industrials,S&P 500,82015830016,577.32,371107069.20000005,NYQ,EQUITY
NCLH,Norwegian Cruise Line Holdings,Consumer Discretionary,S&P 500,8687834112,18.92,310234834.8,NYQ,EQUITY
NRG,NRG Energy,Utilities,S&P 500,25363996672,120.66,497968646.4,NYQ,EQUITY
NUE,Nucor,Materials,S&P 500,61667078144,271.81,367443630.4,NYQ,EQUITY
NVDA,Nvidia,Information Technology,S&P 500,5427683655680,224.09,27692168249.0,NMS,EQUITY
NVR,"NVR, Inc.",Consumer Discretionary,S&P 500,16772496384,6293.95,226708079.0,NYQ,EQUITY
NXPI,NXP Semiconductors,Information Technology,S&P 500,58857639936,233.41,1100537486.4,NMS,EQUITY
ORLY,O'Reilly Automotive,Consumer Discretionary,S&P 500,74464837632,92.05,520340240.0,NMS,EQUITY
OXY,Occidental Petroleum,Energy,S&P 500,58528768000,58.55,508961098.0,NYQ,EQUITY
ODFL,Old Dominion,Industrials,S&P 500,44073652224,212.55,414330091.5,NMS,EQUITY
OMC,Omnicom Group,Communication Services,S&P 500,24370880512,85.51,253648313.00000003,NYQ,EQUITY
ON,ON Semiconductor,Information Technology,S&P 500,32437450752,83.32,981565424.4,NMS,EQUITY
OKE,Oneok,Energy,S&P 500,58259136512,92.47,385797785.8,NYQ,EQUITY
ORCL,Oracle Corporation,Information Technology,S&P 500,441518587904,153.28,5137769328.0,NYQ,EQUITY
OTIS,Otis Worldwide,Industrials,S&P 500,28158111744,73.97,218270676.0,NYQ,EQUITY
PCAR,Paccar,Industrials,S&P 500,68985389056,131.06,493357021.6,NMS,EQUITY
PKG,Packaging Corporation of America,Materials,S&P 500,22836783104,256.31,131499845.5,NYQ,EQUITY
PLTR,Palantir Technologies,Information Technology,S&P 500,411019083776,171.04,10736514328.0,NMS,EQUITY
PANW,Palo Alto Networks,Information Technology,S&P 500,315413168128,387.01,2354514658.6,NMS,EQUITY
PSKY,Paramount Skydance Corporation,Communication Services,S&P 500,10632144896,9.5,129161240.0,NMS,EQUITY
PH,Parker Hannifin,Industrials,S&P 500,134851919872,1069.52,806033052.8,NYQ,EQUITY
PAYX,Paychex,Industrials,S&P 500,42813546496,120.37,319470405.90000004,NMS,EQUITY
PYPL,PayPal,Financials,S&P 500,51030401024,59.2,542103872.0,NMS,EQUITY
PNR,Pentair,Industrials,S&P 500,10628795392,65.77,202823499.1,NYQ,EQUITY
PEP,PepsiCo,Consumer Staples,S&P 500,189464199168,138.7,968120451.9999999,NMS,EQUITY
PFE,Pfizer,Health Care,S&P 500,149958410240,26.31,1194582134.1,NYQ,EQUITY
PCG,PG&E Corporation,Utilities,S&P 500,38277136384,17.38,475134961.4,NYQ,EQUITY
PM,Philip Morris International,Consumer Staples,S&P 500,290198224896,186.19,887564006.2,NYQ,EQUITY
PSX,Phillips 66,Energy,S&P 500,90011140096,225.58,637004083.0,NYQ,EQUITY
PNW,Pinnacle West Capital,Utilities,S&P 500,12168202240,100.4,123703844.0,NYQ,EQUITY
PNC,PNC Financial Services,Financials,S&P 500,101928542208,255.46,355888989.8,NYQ,EQUITY
PPG,PPG Industries,Materials,S&P 500,25475579904,114.6,203288940.0,NYQ,EQUITY
PPL,PPL Corporation,Utilities,S&P 500,26678341632,35.46,299112546.6,NYQ,EQUITY
PFG,Principal Financial Group,Financials,S&P 500,24358684672,113.77,156170941.29999998,NMS,EQUITY
PG,Procter & Gamble,Consumer Staples,S&P 500,335504539648,144.08,1203547786.4,NYQ,EQUITY
PGR,Progressive Corporation,Financials,S&P 500,120559058944,207.37,420836678.0,NYQ,EQUITY
PLD,Prologis,Real Estate,S&P 500,136802418688,140.73,862096499.6999999,NYQ,EQUITY
PRU,Prudential Financial,Financials,S&P 500,42345299968,122.74,274525193.59999996,NYQ,EQUITY
PEG,Public Service Enterprise Group,Utilities,S&P 500,37807644672,75.87,239242388.4,NYQ,EQUITY
PTC,PTC Inc.,Information Technology,S&P 500,16057842688,147.99,241429406.10000002,NMS,EQUITY
PSA,Public Storage,Real Estate,S&P 500,60427186176,323.58,316318864.8,NYQ,EQUITY
PHM,PulteGroup,Consumer Discretionary,S&P 500,24603217920,129.16,180244071.6,NYQ,EQUITY
PWR,Quanta Services,Industrials,S&P 500,101935833088,678.02,848596271.6,NYQ,EQUITY
QCOM,Qualcomm,Information Technology,S&P 500,171223515136,163.07,1927366728.1999998,NMS,EQUITY
DGX,Quest Diagnostics,Health Care,S&P 500,26243473408,237.77,186502032.6,NYQ,EQUITY
Q,Qnity Electronics,Information Technology,S&P 500,29742913536,142.08,280833907.20000005,NYQ,EQUITY
RL,Ralph Lauren Corporation,Consumer Discretionary,S&P 500,23615420416,396.35,286842458.5,NYQ,EQUITY
RJF,Raymond James Financial,Financials,S&P 500,34852093952,181.18,160735648.8,NYQ,EQUITY
RTX,RTX Corporation,Industrials,S&P 500,300226576384,222.76,985020216.4,NYQ,EQUITY
O,Realty Income,Real Estate,S&P 500,59222781952,62.59,386420645.6,NYQ,EQUITY
REG,Regency Centers,Real Estate,S&P 500,14160253952,75.74,116247266.8,NMS,EQUITY
REGN,Regeneron Pharmaceuticals,Health Care,S&P 500,82157051904,797.99,731014699.3,NMS,EQUITY
RF,Regions Financial Corporation,Financials,S&P 500,26920974336,31.6,242690212.0,NYQ,EQUITY
RSG,Republic Services,Industrials,S&P 500,65609195520,214.26,319804476.0,NYQ,EQUITY
RMD,ResMed|,Health Care,S&P 500,32782743552,226.0,386785440.0,NYQ,EQUITY
RVTY,Revvity,Health Care,S&P 500,13153804288,117.88,195882374.79999998,NYQ,EQUITY
HOOD,Robinhood Markets,Financials,S&P 500,85331902464,94.91,1661773495.3999999,NMS,EQUITY
ROK,Rockwell Automation,Industrials,S&P 500,50126262272,451.39,512837720.7,NYQ,EQUITY
ROL,"Rollins, Inc.",Industrials,S&P 500,17571430400,36.52,214876741.20000002,NYQ,EQUITY
ROP,Roper Technologies,Information Technology,S&P 500,39088590848,395.23,295635992.3,NMS,EQUITY
ROST,Ross Stores,Consumer Discretionary,S&P 500,79633907712,248.25,502299120.0,NMS,EQUITY
RCL,Royal Caribbean Group,Consumer Discretionary,S&P 500,82375237632,308.0,508486440.0,NYQ,EQUITY
SPGI,S&P Global,Financials,S&P 500,120897478656,410.1,843071277.0,NYQ,EQUITY
CRM,Salesforce,Information Technology,S&P 500,158329094144,193.32,2154719588.4,NYQ,EQUITY
SNDK,Sandisk,Information Technology,S&P 500,196266344448,1344.29,21072256580.2,NMS,EQUITY
SBAC,SBA Communications,Real Estate,S&P 500,19422611456,183.08,254887637.60000002,NMS,EQUITY
SLB,Schlumberger,Energy,S&P 500,78080778240,52.61,550047019.8,NYQ,EQUITY
STX,Seagate Technology,Information Technology,S&P 500,199353679872,878.21,4532810658.2,NMS,EQUITY
SRE,Sempra,Utilities,S&P 500,56183115776,85.92,397065532.8,NYQ,EQUITY
NOW,ServiceNow,Information Technology,S&P 500,129170718720,124.94,2449416215.6,NYQ,EQUITY
SHW,Sherwin-Williams,Materials,S&P 500,87441489920,360.2,650096164.0,NYQ,EQUITY
SPG,Simon Property Group,Real Estate,S&P 500,83729752064,220.56,342322353.6,NYQ,EQUITY
SWKS,Skyworks Solutions,Information Technology,S&P 500,10480287744,69.68,367036612.8,NMS,EQUITY
SJM,J.M. Smucker Company (The),Consumer Staples,S&P 500,12696356864,118.79,131031309.5,NYQ,EQUITY
SW,Smurfit Westrock,Materials,S&P 500,25832753152,49.25,222725737.5,NYQ,EQUITY
SNA,Snap-on,Industrials,S&P 500,21127426048,408.44,139747746.0,NYQ,EQUITY
SOLV,Solventum,Health Care,S&P 500,14518381568,85.29,114663023.10000001,NYQ,EQUITY
SO,Southern Company,Utilities,S&P 500,106431578112,92.52,576845546.4,NYQ,EQUITY
LUV,Southwest Airlines,Industrials,S&P 500,22004584448,44.98,216853527.79999998,NYQ,EQUITY
SWK,Stanley Black & Decker,Industrials,S&P 500,15539612672,102.9,249540732.0,NYQ,EQUITY
SBUX,Starbucks,Consumer Discretionary,S&P 500,123678597120,108.49,958121840.6999999,NMS,EQUITY
STT,State Street Corporation,Financials,S&P 500,52223553536,190.11,295398621.3,NYQ,EQUITY
STLD,Steel Dynamics,Materials,S&P 500,37721088000,263.18,273107149.6,NMS,EQUITY
STE,Steris,Health Care,S&P 500,23068526592,236.6,200000346.0,NYQ,EQUITY
SYK,Stryker Corporation,Health Care,S&P 500,133180399616,347.21,839168376.9,NYQ,EQUITY
SMCI,Supermicro,Information Technology,S&P 500,24328894464,37.61,2126560040.1,NMS,EQUITY
SYF,Synchrony Financial,Financials,S&P 500,25837701120,79.41,226173179.7,NYQ,EQUITY
SNPS,Synopsys,Information Technology,S&P 500,78950760448,412.32,621984720.0,NMS,EQUITY
SYY,Sysco,Consumer Staples,S&P 500,40544518144,84.69,393505309.8,NYQ,EQUITY
TMUS,T-Mobile US,Communication Services,S&P 500,190002331648,177.13,860929737.1999999,NMS,EQUITY
TROW,T. Rowe Price,Financials,S&P 500,23767652352,111.42,253576321.20000002,NMS,EQUITY
TTWO,Take-Two Interactive,Communication Services,S&P 500,45436248064,243.0,634541040.0,NMS,EQUITY
TPR,"Tapestry, Inc.",Consumer Discretionary,S&P 500,31062355968,153.74,349721602.40000004,NYQ,EQUITY
TRGP,Targa Resources,Energy,S&P 500,57611186176,268.67,319424449.70000005,NYQ,EQUITY
TGT,Target Corporation,Consumer Staples,S&P 500,69945425920,154.0,568701980.0,NYQ,EQUITY
TEL,TE Connectivity,Information Technology,S&P 500,62105292800,214.2,453557790.0,NYQ,EQUITY
TDY,Teledyne Technologies,Information Technology,S&P 500,31804487680,686.49,258401700.9,NYQ,EQUITY
TER,Teradyne,Information Technology,S&P 500,62964674560,402.74,1394233523.8,NMS,EQUITY
TSLA,"Tesla, Inc.",Consumer Discretionary,S&P 500,1293516406784,327.51,10367397827.1,NMS,EQUITY
TXN,Texas Instruments,Information Technology,S&P 500,252595175424,276.59,1869056924.9999998,NMS,EQUITY
TPL,Texas Pacific Land Corporation,Energy,S&P 500,23642449920,342.77,153989422.5,NYQ,EQUITY
TXT,Textron,Industrials,S&P 500,15456991232,88.89,138999070.8,NYQ,EQUITY
TMO,Thermo Fisher Scientific,Health Care,S&P 500,222961319936,603.01,1111793657.4,NYQ,EQUITY
TJX,TJX Companies,Consumer Discretionary,S&P 500,168588935168,152.61,791705579.7,NYQ,EQUITY
TKO,TKO Group Holdings,Communication Services,S&P 500,36934090752,195.14,258521471.99999997,NYQ,EQUITY
TTD,Trade Desk (The),Communication Services,S&P 500,6338683904,13.49,574458429.8,NGM,EQUITY
TSCO,Tractor Supply,Consumer Discretionary,S&P 500,18981492736,36.43,495809385.6,NMS,EQUITY
TT,Trane Technologies,Industrials,S&P 500,105292095488,478.55,648889872.5,NYQ,EQUITY
TDG,TransDigm Group,Industrials,S&P 500,69104820224,1235.48,679229839.6,NYQ,EQUITY
TRV,Travelers Companies (The),Financials,S&P 500,77206134784,370.16,667642785.6,NYQ,EQUITY
TRMB,Trimble Inc.,Information Technology,S&P 500,13135834112,56.35,144705673.0,NMS,EQUITY
TFC,Truist Financial,Financials,S&P 500,64343052288,52.67,357531860.5,NYQ,EQUITY
TYL,Tyler Technologies,Information Technology,S&P 500,13008079872,317.64,278173230.0,NYQ,EQUITY
TSN,Tyson Foods,Consumer Staples,S&P 500,19634042880,55.81,185994638.4,NYQ,EQUITY
USB,U.S. Bancorp,Financials,S&P 500,101304500224,65.02,423473959.59999996,NYQ,EQUITY
UBER,Uber,Industrials,S&P 500,153927335936,75.36,1800421238.4,NYQ,EQUITY
UDR,"UDR, Inc.",Real Estate,S&P 500,13794297856,37.23,129698150.99999999,NYQ,EQUITY
ULTA,Ulta Beauty,Consumer Discretionary,S&P 500,22865586176,531.89,294087299.9,NMS,EQUITY
UNP,Union Pacific Corporation,Industrials,S&P 500,174497808384,293.73,726364917.0,NYQ,EQUITY
UAL,United Airlines Holdings,Industrials,S&P 500,40610164736,125.12,373314288.0,NMS,EQUITY
UPS,United Parcel Service,Industrials,S&P 500,88404713472,103.91,564741498.1,NYQ,EQUITY
URI,United Rentals,Industrials,S&P 500,70290448384,1129.3,470138883.0,NYQ,EQUITY
UNH,UnitedHealth Group,Health Care,S&P 500,364055461888,405.59,1628391123.3,NYQ,EQUITY
UHS,Universal Health Services,Health Care,S&P 500,10163602432,172.45,140893374.5,NYQ,EQUITY
VLO,Valero Energy,Energy,S&P 500,95076524032,330.21,974667648.5999999,NYQ,EQUITY
VEEV,Veeva Systems,Health Care,S&P 500,39231680512,241.51,457516544.0,NYQ,EQUITY
VTR,Ventas,Real Estate,S&P 500,45657358336,89.01,325862049.6,NYQ,EQUITY
VLTO,Veralto,Industrials,S&P 500,23567501312,96.67,139926924.9,NYQ,EQUITY
VRSN,Verisign,Information Technology,S&P 500,25577777152,282.94,239918973.0,NMS,EQUITY
VRSK,Verisk Analytics,Industrials,S&P 500,23633719296,180.38,294665160.4,NMS,EQUITY
VZ,Verizon,Communication Services,S&P 500,195191341056,46.98,1039259143.8,NYQ,EQUITY
VRTX,Vertex Pharmaceuticals,Health Care,S&P 500,133167407104,525.73,732242001.3000001,NMS,EQUITY
VRT,Vertiv,Industrials,S&P 500,111015182336,288.36,1908106956.0,NYQ,EQUITY
VTRS,Viatris,Health Care,S&P 500,18492313600,16.1,199703273.00000003,NMS,EQUITY
VICI,Vici Properties,Real Estate,S&P 500,28705089536,26.07,302005047.3,NYQ,EQUITY
V,Visa Inc.,Financials,S&P 500,671054168064,359.42,2200520196.4,NYQ,EQUITY
VST,Vistra Corp.,Utilities,S&P 500,49230966784,146.68,799661223.2,NYQ,EQUITY
VMC,Vulcan Materials Company,Materials,S&P 500,36331286528,280.38,325947357.6,NYQ,EQUITY
WRB,W. R. Berkley Corporation,Financials,S&P 500,25885696000,69.73,122455642.2,NYQ,EQUITY
GWW,W. W. Grainger,Industrials,S&P 500,61607456768,1304.88,441427855.20000005,NYQ,EQUITY
WAB,Wabtec,Industrials,S&P 500,49919913984,295.54,269594543.40000004,NYQ,EQUITY
WMT,Walmart,Consumer Staples,S&P 500,923216773120,116.01,2630696124.6,NMS,EQUITY
DIS,Walt Disney Company (The),Communication Services,S&P 500,178228625408,103.22,1326323325.6,NYQ,EQUITY
WBD,Warner Bros. Discovery,Communication Services,S&P 500,69322334208,27.65,635809261.5,NMS,EQUITY
WM,Waste Management,Industrials,S&P 500,90463543296,226.32,481810384.8,NYQ,EQUITY
WAT,Waters Corporation,Health Care,S&P 500,40860045312,416.15,406957246.5,NYQ,EQUITY
WEC,WEC Energy Group,Utilities,S&P 500,35553427456,109.11,283331392.5,NYQ,EQUITY
WFC,Wells Fargo,Financials,S&P 500,268924256256,88.93,1121194757.3000002,NYQ,EQUITY
WELL,Welltower,Real Estate,S&P 500,165926125568,230.27,790963633.8000001,NYQ,EQUITY
WST,West Pharmaceutical Services,Health Care,S&P 500,24792676352,352.29,197190804.60000002,NYQ,EQUITY
WDC,Western Digital,Information Technology,S&P 500,156520169472,454.1,4120230940.0,NMS,EQUITY
WY,Weyerhaeuser,Real Estate,S&P 500,17845424128,24.76,162428323.60000002,NYQ,EQUITY
WSM,"Williams-Sonoma, Inc.",Consumer Discretionary,S&P 500,28865581056,245.15,229609941.5,NYQ,EQUITY
WMB,Williams Companies,Energy,S&P 500,90147438592,73.7,484749958.0,NYQ,EQUITY
WTW,Willis Towers Watson,Financials,S&P 500,31603392512,340.29,207767462.4,NMS,EQUITY
WDAY,"Workday, Inc.",Information Technology,S&P 500,43291979776,175.29,689899370.4,NMS,EQUITY
WYNN,Wynn Resorts,Consumer Discretionary,S&P 500,10603220992,102.97,177752992.2,NMS,EQUITY
XEL,Xcel Energy,Utilities,S&P 500,49096253440,78.6,408198882.0,NMS,EQUITY
XYL,Xylem Inc.,Industrials,S&P 500,28469047296,121.93,199034874.10000002,NYQ,EQUITY
YUM,Yum! Brands,Consumer Discretionary,S&P 500,41027948544,150.34,387298391.0,NYQ,EQUITY
ZBRA,Zebra Technologies,Information Technology,S&P 500,18023047168,378.37,393421558.6,NMS,EQUITY
ZBH,Zimmer Biomet,Health Care,S&P 500,18671312896,97.89,295123666.5,NYQ,EQUITY
ZTS,Zoetis,Health Care,S&P 500,30388465664,73.54,619120758.2,NYQ,EQUITY
AA,Alcoa,Materials,S&P 400 (MidCap),13517442048,51.22,282484446.4,NYQ,EQUITY
AAL,American Airlines Group,Industrials,S&P 400 (MidCap),9883210752,14.93,715053388.9,NMS,EQUITY
AAON,AAON,Industrials,S&P 400 (MidCap),7027524096,85.23,117477622.80000001,NMS,EQUITY
ACI,Albertsons,Consumer Staples,S&P 400 (MidCap),5882238976,12.01,101192296.7,NYQ,EQUITY
ACM,AECOM,Industrials,S&P 400 (MidCap),7855629824,61.04,137227686.4,NYQ,EQUITY
ADC,Agree Realty,Real Estate,S&P 400 (MidCap),9274835968,74.36,100922135.6,NYQ,EQUITY
AEIS,Advanced Energy,Information Technology,S&P 400 (MidCap),13509814272,337.32,278093354.4,NMS,EQUITY
AFG,American Financial Group,Financials,S&P 400 (MidCap),12004540416,144.77,56539923.50000001,NYQ,EQUITY
AGCO,AGCO,Industrials,S&P 400 (MidCap),7111721984,101.55,101990727.0,NYQ,EQUITY
AHR,American Healthcare REIT,Real Estate,S&P 400 (MidCap),10135266304,52.59,168376351.20000002,NYQ,EQUITY
AIT,Applied Industrial Technologies,Industrials,S&P 400 (MidCap),13020476416,352.29,79998013.2,NYQ,EQUITY
ALGM,Allegro MicroSystems,Information Technology,S&P 400 (MidCap),7916495360,42.47,103030521.2,NMS,EQUITY
ALK,Alaska Air Group,Industrials,S&P 400 (MidCap),5284926976,47.37,102426729.89999999,NYQ,EQUITY
ALLY,Ally Financial,Financials,S&P 400 (MidCap),13460836352,44.25,116727517.5,NYQ,EQUITY
ALSN,Allison Transmission,Industrials,S&P 400 (MidCap),10206645248,123.6,111519336.0,NYQ,EQUITY
ALV,Autoliv,Consumer Discretionary,S&P 400 (MidCap),8848520192,120.82,65244008.199999996,NYQ,EQUITY
AM,Antero Midstream,Energy,S&P 400 (MidCap),10556748800,22.24,59413047.99999999,NYQ,EQUITY
AMG,Affiliated Managers Group,Financials,S&P 400 (MidCap),9571738624,362.4,89567160.0,NYQ,EQUITY
AMH,American Homes 4 Rent,Real Estate,S&P 400 (MidCap),13868677120,33.83,85503971.8,NYQ,EQUITY
AMKR,Amkor Technology,Information Technology,S&P 400 (MidCap),13779232768,55.59,264258738.9,NMS,EQUITY
AN,AutoNation,Consumer Discretionary,S&P 400 (MidCap),6897145344,208.62,108455279.4,NYQ,EQUITY
ANF,Abercrombie & Fitch,Consumer Discretionary,S&P 400 (MidCap),4986571264,112.23,109456796.7,NYQ,EQUITY
APG,APi Group,Industrials,S&P 400 (MidCap),18820579328,43.55,129859131.99999999,NYQ,EQUITY
APPF,AppFolio,Information Technology,S&P 400 (MidCap),6969001472,196.77,89056134.30000001,NGM,EQUITY
AR,Antero Resources,Energy,S&P 400 (MidCap),11522813952,37.48,174691656.39999998,NYQ,EQUITY
ARMK,Aramark,Consumer Discretionary,S&P 400 (MidCap),15909771264,60.35,176659537.5,NYQ,EQUITY
ARW,Arrow Electronics,Information Technology,S&P 400 (MidCap),10705411072,210.3,146019702.0,NYQ,EQUITY
ARWR,Arrowhead Pharmaceuticals,Health Care,S&P 400 (MidCap),12289775616,87.25,113804537.5,NMS,EQUITY
ASB,Associated Bank,Financials,S&P 400 (MidCap),6063509504,32.13,44539248.6,NYQ,EQUITY
ASH,Ashland Global,Materials,S&P 400 (MidCap),3421680640,74.72,61366788.8,NYQ,EQUITY
ATI,ATI Inc.,Industrials,S&P 400 (MidCap),31377739776,230.43,402591165.90000004,NYQ,EQUITY
ATR,AptarGroup,Materials,S&P 400 (MidCap),8465826816,133.15,72693242.5,NYQ,EQUITY
AVAV,AeroVironment,Industrials,S&P 400 (MidCap),9808343040,193.81,235391935.5,NMS,EQUITY
AVNT,Avient,Materials,S&P 400 (MidCap),4157647360,45.33,48318606.9,NYQ,EQUITY
AVT,Avnet,Information Technology,S&P 400 (MidCap),7981763072,97.31,146290988.5,NMS,EQUITY
AVTR,Avantor,Health Care,S&P 400 (MidCap),9421678592,13.93,133078165.5,NYQ,EQUITY
AXTA,Axalta,Materials,S&P 400 (MidCap),7978665472,37.28,59527212.800000004,NYQ,EQUITY
AYI,Acuity Brands,Industrials,S&P 400 (MidCap),10786675712,360.33,108574635.6,NYQ,EQUITY
BAH,Booz Allen Hamilton,Industrials,S&P 400 (MidCap),9430342656,78.4,155782368.0,NYQ,EQUITY
BBWI,"Bath & Body Works, Inc.",Consumer Discretionary,S&P 400 (MidCap),3654315520,18.13,88492892.6,NYQ,EQUITY
BC,Brunswick,Consumer Discretionary,S&P 400 (MidCap),5205177344,80.33,59674747.1,NYQ,EQUITY
BCO,Brink's,Industrials,S&P 400 (MidCap),4693970432,113.96,61448371.599999994,NYQ,EQUITY
BDC,Belden Inc.,Information Technology,S&P 400 (MidCap),5393963008,138.03,73311873.9,NYQ,EQUITY
BHF,Brighthouse Financial,Financials,S&P 400 (MidCap),3440341760,59.82,54187947.0,NMS,EQUITY
BILL,Bill Holdings,Information Technology,S&P 400 (MidCap),4850360832,48.7,105821691.0,NYQ,EQUITY
BIO,Bio-Rad Laboratories,Health Care,S&P 400 (MidCap),9689838592,362.08,99782006.39999999,NYQ,EQUITY
BJ,BJ's Wholesale Club,Consumer Staples,S&P 400 (MidCap),11838365696,92.71,128227200.99999999,NYQ,EQUITY
BKH,Black Hills Corporation,Utilities,S&P 400 (MidCap),5578680320,73.16,65756208.0,NYQ,EQUITY
BMRN,BioMarin Pharmaceutical,Health Care,S&P 400 (MidCap),13596620800,70.24,196877803.2,NMS,EQUITY
BRKR,Bruker,Health Care,S&P 400 (MidCap),9030336512,59.27,180359202.70000002,NMS,EQUITY
BROS,Dutch Bros Inc.,Consumer Discretionary,S&P 400 (MidCap),10823247872,51.02,266067769.4,NYQ,EQUITY
BRX,Brixmor Property Group,Real Estate,S&P 400 (MidCap),9123313664,29.73,66372522.300000004,NYQ,EQUITY
BSY,Bentley Systems,Information Technology,S&P 400 (MidCap),10793779200,35.73,102236035.49999999,NMS,EQUITY
BTSG,BrightSpring Health Services,Health Care,S&P 400 (MidCap),11808537600,59.68,232974606.4,NMS,EQUITY
BURL,Burlington Stores,Consumer Discretionary,S&P 400 (MidCap),22218670080,353.63,238233458.4,NYQ,EQUITY
BWA,BorgWarner,Consumer Discretionary,S&P 400 (MidCap),14022427648,68.85,177168951.0,NYQ,EQUITY
BWXT,BWX Technologies,Industrials,S&P 400 (MidCap),15810289664,172.56,157733644.8,NYQ,EQUITY
BYD,Boyd Gaming,Consumer Discretionary,S&P 400 (MidCap),6028946432,82.98,73564259.4,NYQ,EQUITY
CACI,CACI International,Industrials,S&P 400 (MidCap),15029455872,680.08,241659627.20000002,NYQ,EQUITY
CAR,Avis Budget Group,Industrials,S&P 400 (MidCap),4930768384,139.58,61881397.2,NMS,EQUITY
CART,Maplebear Inc.,Consumer Staples,S&P 400 (MidCap),11216178176,48.45,237425833.5,NMS,EQUITY
CAVA,Cava Group,Consumer Discretionary,S&P 400 (MidCap),8114526720,69.47,302000678.7,NYQ,EQUITY
CBSH,Commerce Bancshares,Financials,S&P 400 (MidCap),8564335104,59.71,55159500.9,NMS,EQUITY
CBT,Cabot Corp,Materials,S&P 400 (MidCap),4454928384,86.3,53834803.0,NYQ,EQUITY
CCK,Crown Holdings,Materials,S&P 400 (MidCap),13128481792,120.71,97269325.1,NYQ,EQUITY
CDE,Coeur Mining,Materials,S&P 400 (MidCap),19325175808,18.8,770305184.0,NYQ,EQUITY
CDP,COPT Defense Properties,Real Estate,S&P 400 (MidCap),4283927808,36.98,29354723.999999996,NYQ,EQUITY
CELH,Celsius Holdings,Consumer Staples,S&P 400 (MidCap),6988828160,27.62,445750894.0,NCM,EQUITY
CFR,Frost Bank,Financials,S&P 400 (MidCap),10441616384,168.01,107721291.6,NYQ,EQUITY
CG,Carlyle Group (The),Financials,S&P 400 (MidCap),17200185344,48.27,241868902.50000003,NMS,EQUITY
CGNX,Cognex,Information Technology,S&P 400 (MidCap),10206140416,60.67,170897076.1,NMS,EQUITY
CHDN,Churchill Downs Inc.,Consumer Discretionary,S&P 400 (MidCap),6170562048,88.53,122103231.9,NMS,EQUITY
CHE,Chemed Corp.,Health Care,S&P 400 (MidCap),7071110656,541.02,91161870.0,NYQ,EQUITY
CHH,Choice Hotels,Consumer Discretionary,S&P 400 (MidCap),4750210048,105.54,63858032.400000006,NYQ,EQUITY
CHRD,Chord Energy,Energy,S&P 400 (MidCap),7525333504,137.58,117981729.00000001,NMS,EQUITY
CHWY,Chewy,Consumer Discretionary,S&P 400 (MidCap),9150630912,22.35,148532512.5,NYQ,EQUITY
CLF,Cleveland-Cliffs,Materials,S&P 400 (MidCap),6989115392,12.25,209130897.5,NYQ,EQUITY
CLH,Clean Harbors,Industrials,S&P 400 (MidCap),16715081728,316.65,135143053.5,NYQ,EQUITY
CMC,Commercial Metals,Materials,S&P 400 (MidCap),8002564096,72.34,78114178.8,NYQ,EQUITY
CNH,CNH Industrial,Industrials,S&P 400 (MidCap),17255542784,10.73,185442727.20000002,NYQ,EQUITY
CNM,Core & Main,Industrials,S&P 400 (MidCap),8914454528,46.06,85610800.8,NYQ,EQUITY
CNO,CNO Financial Group,Financials,S&P 400 (MidCap),5022059520,54.28,39471873.2,NYQ,EQUITY
CNX,CNX Resources,Energy,S&P 400 (MidCap),5287505408,35.74,55979204.6,NYQ,EQUITY
COKE,Coca-Cola Consolidated,Consumer Staples,S&P 400 (MidCap),12565342208,188.77,103043879.9,NMS,EQUITY
COLB,Columbia Banking System,Financials,S&P 400 (MidCap),9120847872,32.25,84901995.0,NMS,EQUITY
COLM,Columbia Sportswear,Consumer Discretionary,S&P 400 (MidCap),2882176768,56.3,48648830.0,NMS,EQUITY
CR,Crane,Industrials,S&P 400 (MidCap),12885433344,222.93,87970407.3,NYQ,EQUITY
CRBG,Corebridge Financial,Financials,S&P 400 (MidCap),15058194432,33.78,208552990.8,NYQ,EQUITY
CROX,Crocs,Consumer Discretionary,S&P 400 (MidCap),6262106624,130.61,160497486.3,NMS,EQUITY
CRS,Carpenter Technology,Industrials,S&P 400 (MidCap),26265802752,528.64,388481676.8,NYQ,EQUITY
CRUS,Cirrus Logic,Information Technology,S&P 400 (MidCap),6108829184,121.89,111387957.6,NMS,EQUITY
CSL,Carlisle Companies,Industrials,S&P 400 (MidCap),15195023360,382.61,161266288.9,NYQ,EQUITY
CTRE,CareTrust REIT,Real Estate,S&P 400 (MidCap),9253241856,39.16,81488044.0,NYQ,EQUITY
CUBE,CubeSmart,Real Estate,S&P 400 (MidCap),9345250304,41.22,92153080.8,NYQ,EQUITY
CUZ,Cousins Properties,Real Estate,S&P 400 (MidCap),4854114816,29.49,56618440.8,NYQ,EQUITY
CVLT,CommVault Systems,Information Technology,S&P 400 (MidCap),5874352640,141.74,91895711.60000001,NMS,EQUITY
CW,Curtiss-Wright,Industrials,S&P 400 (MidCap),26729826304,723.71,202732882.3,NYQ,EQUITY
CXT,Crane NXT,Information Technology,S&P 400 (MidCap),2992036608,51.98,34045860.4,NYQ,EQUITY
CYTK,Cytokinetics,Health Care,S&P 400 (MidCap),10515731456,75.64,164348322.8,NMS,EQUITY
DAR,Darling Ingredients,Consumer Staples,S&P 400 (MidCap),10009439232,63.43,148917148.2,NYQ,EQUITY
DBX,Dropbox,Information Technology,S&P 400 (MidCap),7312595456,33.63,171480042.60000002,NMS,EQUITY
DCI,Donaldson Company,Industrials,S&P 400 (MidCap),11158757376,96.27,61581993.599999994,NYQ,EQUITY
DINO,HF Sinclair,Energy,S&P 400 (MidCap),15632534528,87.93,259296777.00000003,NYQ,EQUITY
DKS,Dick's Sporting Goods,Consumer Discretionary,S&P 400 (MidCap),18138585088,202.66,312732752.4,NYQ,EQUITY
DLB,Dolby,Information Technology,S&P 400 (MidCap),5750327296,61.39,64159916.8,NYQ,EQUITY
DOCN,DigitalOcean,Information Technology,S&P 400 (MidCap),15592032256,133.37,488781044.5,NYQ,EQUITY
DOCS,Doximity,Health Care,S&P 400 (MidCap),4454367232,24.99,311892443.09999996,NYQ,EQUITY
DOCU,Docusign,Information Technology,S&P 400 (MidCap),11093881856,58.1,161743428.0,NMS,EQUITY
DT,Dynatrace,Information Technology,S&P 400 (MidCap),14322945024,49.56,336733437.6,NYQ,EQUITY
DTM,DT Midstream,Energy,S&P 400 (MidCap),13886321664,136.12,146096234.8,NYQ,EQUITY
DUOL,Duolingo,Consumer Discretionary,S&P 400 (MidCap),6298835456,134.63,204741265.1,NMS,EQUITY
DY,Dycom Industries,Industrials,S&P 400 (MidCap),12312729600,410.17,177008863.5,NYQ,EQUITY
EEFT,Euronet Worldwide,Financials,S&P 400 (MidCap),2710566144,71.19,59722714.8,NMS,EQUITY
EGP,EastGroup Properties,Real Estate,S&P 400 (MidCap),10940180480,203.45,106996389.5,NYQ,EQUITY
EHC,Encompass Health,Health Care,S&P 400 (MidCap),12314902528,124.83,142175128.5,NYQ,EQUITY
ELAN,Elanco,Health Care,S&P 400 (MidCap),11056630784,22.13,265946168.5,NYQ,EQUITY
ELF,e.l.f. Beauty,Consumer Staples,S&P 400 (MidCap),5465320960,92.62,296405302.6,NYQ,EQUITY
ELS,Equity Lifestyle Properties,Real Estate,S&P 400 (MidCap),12818555904,63.97,84842771.3,NYQ,EQUITY
ENS,EnerSys,Industrials,S&P 400 (MidCap),6807088128,186.72,82143729.6,NYQ,EQUITY
ENSG,Ensign Group,Health Care,S&P 400 (MidCap),10585254912,181.62,61492899.6,NMS,EQUITY
ENTG,Entegris,Information Technology,S&P 400 (MidCap),24532484096,161.08,445297606.00000006,NMS,EQUITY
EPR,EPR Properties,Real Estate,S&P 400 (MidCap),4704553984,61.41,52609332.9,NYQ,EQUITY
EQH,Equitable Holdings,Financials,S&P 400 (MidCap),14148361216,51.87,199194804.89999998,NYQ,EQUITY
ESAB,ESAB,Industrials,S&P 400 (MidCap),5349539840,86.05,57064918.0,NYQ,EQUITY
ESNT,Essent Group Ltd.,Financials,S&P 400 (MidCap),6136733184,68.28,39678190.8,NYQ,EQUITY
EVR,Evercore,Financials,S&P 400 (MidCap),11535410176,299.95,168115976.0,NYQ,EQUITY
EWBC,East West Bancorp,Financials,S&P 400 (MidCap),18503450624,135.05,75888646.5,NMS,EQUITY
EXEL,Exelixis,Health Care,S&P 400 (MidCap),12483241984,50.38,171460269.20000002,NMS,EQUITY
EXLS,EXL Service,Industrials,S&P 400 (MidCap),5245038080,34.33,90917855.5,NMS,EQUITY
EXP,Eagle Materials,Materials,S&P 400 (MidCap),6471879680,210.98,93689888.6,NYQ,EQUITY
EXPO,"Exponent, Inc.",Industrials,S&P 400 (MidCap),3216017152,67.64,35803204.8,NMS,EQUITY
FAF,First American Financial Corporation,Financials,S&P 400 (MidCap),7381830144,72.3,44697306.0,NYQ,EQUITY
FBIN,Fortune Brands Innovations,Industrials,S&P 400 (MidCap),5833683968,48.87,135283888.79999998,NYQ,EQUITY
FCFS,FirstCash,Financials,S&P 400 (MidCap),9280047104,213.965,82641841.6,NMS,EQUITY
FCN,FTI Consulting,Industrials,S&P 400 (MidCap),4215735296,152.68,78066810.8,NYQ,EQUITY
FFIN,First Financial Bankshares,Financials,S&P 400 (MidCap),5009028096,34.95,22620339.0,NMS,EQUITY
FHI,Federated Hermes,Financials,S&P 400 (MidCap),4703597568,63.0,38590020.0,NYQ,EQUITY
FHN,First Horizon,Financials,S&P 400 (MidCap),12261352448,25.88,154946406.79999998,NYQ,EQUITY
FIVE,Five Below,Consumer Discretionary,S&P 400 (MidCap),13168312320,238.145,207802945.55,NMS,EQUITY
FLG,Flagstar Bank,Financials,S&P 400 (MidCap),5898469376,14.21,56561910.300000004,NYQ,EQUITY
FLR,Fluor,Industrials,S&P 400 (MidCap),6958547456,52.03,179740756.8,NYQ,EQUITY
FLS,Flowserve,Industrials,S&P 400 (MidCap),10345977856,80.95,147877031.5,NYQ,EQUITY
FN,Fabrinet,Information Technology,S&P 400 (MidCap),20490311680,571.88,442492150.0,NYQ,EQUITY
FNB,FNB Corporation,Financials,S&P 400 (MidCap),6859425280,19.27,71697310.89999999,NYQ,EQUITY
FND,Floor & Decor,Consumer Discretionary,S&P 400 (MidCap),6318049792,59.33,180235047.2,NYQ,EQUITY
FNF,Fidelity National Financial,Financials,S&P 400 (MidCap),12784751616,47.67,75915428.4,NYQ,EQUITY
FOUR,Shift4,Financials,S&P 400 (MidCap),3467928320,43.92,92882455.2,NYQ,EQUITY
FR,First Industrial Realty Trust,Real Estate,S&P 400 (MidCap),8678622208,63.34,55768969.800000004,NYQ,EQUITY
FTI,TechnipFMC,Energy,S&P 400 (MidCap),29518211072,75.27,283963602.0,NYQ,EQUITY
G,Genpact,Industrials,S&P 400 (MidCap),5704768000,33.95,80393260.5,NYQ,EQUITY
GAP,Gap Inc.,Consumer Discretionary,S&P 400 (MidCap),7289573376,20.25,107033805.0,NYQ,EQUITY
GATX,GATX,Industrials,S&P 400 (MidCap),6337610240,179.51,40357438.199999996,NYQ,EQUITY
GBCI,Glacier Bancorp,Financials,S&P 400 (MidCap),6403337216,49.18,51868178.8,NYQ,EQUITY
GEF,"Greif, Inc.",Materials,S&P 400 (MidCap),5003774976,88.02,28296669.599999998,NYQ,EQUITY
GGG,Graco Inc.,Industrials,S&P 400 (MidCap),13359570944,82.49,108722644.89999999,NYQ,EQUITY
GHC,Graham Holdings,Consumer Discretionary,S&P 400 (MidCap),5028468736,1187.38,30385054.200000003,NYQ,EQUITY
GLPI,Gaming and Leisure Properties,Real Estate,S&P 400 (MidCap),12908470272,43.1,101710828.0,NMS,EQUITY
GME,GameStop,Consumer Discretionary,S&P 400 (MidCap),8318736384,18.54,179731395.0,NYQ,EQUITY
GMED,Globus Medical,Health Care,S&P 400 (MidCap),11502218240,85.67,145704965.9,NYQ,EQUITY
GNTX,Gentex,Consumer Discretionary,S&P 400 (MidCap),4983072768,23.4,48757644.0,NMS,EQUITY
GPK,Graphic Packaging,Materials,S&P 400 (MidCap),3458923520,11.69,60479150.199999996,NYQ,EQUITY
GWRE,Guidewire Software,Information Technology,S&P 400 (MidCap),14410012672,173.08,189131439.20000002,NYQ,EQUITY
GXO,GXO Logistics,Industrials,S&P 400 (MidCap),5520031232,47.98,108213612.19999999,NYQ,EQUITY
H,Hyatt,Consumer Discretionary,S&P 400 (MidCap),16809006080,178.37,195643350.8,NYQ,EQUITY
HAE,Haemonetics,Health Care,S&P 400 (MidCap),4155700480,91.34,81179338.4,NYQ,EQUITY
HALO,Halozyme,Health Care,S&P 400 (MidCap),11552961536,101.79,302646099.6,NMS,EQUITY
HGV,Hilton Grand Vacations,Consumer Discretionary,S&P 400 (MidCap),3490591232,44.91,63355435.199999996,NYQ,EQUITY
HIMS,Hims & Hers Health,Health Care,S&P 400 (MidCap),6992402432,29.97,416017466.09999996,NYQ,EQUITY
HL,Hecla Mining,Materials,S&P 400 (MidCap),12139894784,18.1,651814485.0,NYQ,EQUITY
HLI,Houlihan Lokey,Financials,S&P 400 (MidCap),8625391616,123.42,153483877.8,NYQ,EQUITY
HLNE,Hamilton Lane,Financials,S&P 400 (MidCap),6922709504,103.29,88904801.7,NMS,EQUITY
HOG,Harley-Davidson,Consumer Discretionary,S&P 400 (MidCap),2702762752,25.97,46009750.5,NYQ,EQUITY
HOMB,Home BancShares,Financials,S&P 400 (MidCap),6225544704,31.12,42434609.6,NYQ,EQUITY
HQY,HealthEquity,Health Care,S&P 400 (MidCap),8844112896,105.5,65097720.0,NMS,EQUITY
HR,Healthcare Realty Trust,Real Estate,S&P 400 (MidCap),6737945600,19.21,77452030.60000001,NYQ,EQUITY
HRB,H&R Block,Consumer Discretionary,S&P 400 (MidCap),6867868160,54.18,173306649.6,NYQ,EQUITY
HWC,Hancock Whitney,Financials,S&P 400 (MidCap),6340830208,79.04,56631369.6,NMS,EQUITY
HXL,Hexcel,Industrials,S&P 400 (MidCap),7737035776,102.31,99830005.60000001,NYQ,EQUITY
IBOC,Intl Bancshares Corp,Financials,S&P 400 (MidCap),4521944576,72.71,25500124.099999998,NMS,EQUITY
IDA,Idacorp,Utilities,S&P 400 (MidCap),8210677760,141.95,66531964.99999999,NYQ,EQUITY
IDCC,InterDigital,Information Technology,S&P 400 (MidCap),9069004800,351.43,101011524.9,NMS,EQUITY
IESC,IES Holdings,Industrials,S&P 400 (MidCap),15268632576,766.33,169190337.4,NGM,EQUITY
ILMN,"Illumina, Inc.",Health Care,S&P 400 (MidCap),29129410560,192.91,477633585.4,NMS,EQUITY
INGR,Ingredion,Consumer Staples,S&P 400 (MidCap),6542887936,103.75,83073662.5,NYQ,EQUITY
IPGP,IPG Photonics,Information Technology,S&P 400 (MidCap),3705752064,87.31,40405321.800000004,NMS,EQUITY
IRT,Independence Realty Trust,Real Estate,S&P 400 (MidCap),4057409792,16.79,63148533.199999996,NYQ,EQUITY
ITT,ITT Inc.,Industrials,S&P 400 (MidCap),19453016064,216.53,250364977.8,NYQ,EQUITY
JAZZ,Jazz Pharmaceuticals,Health Care,S&P 400 (MidCap),16160159744,248.945,246923566.6,NMS,EQUITY
JEF,Jefferies,Financials,S&P 400 (MidCap),11149948928,54.82,107620431.2,NYQ,EQUITY
JLL,Jones Lang LaSalle,Real Estate,S&P 400 (MidCap),16688834560,362.74,124601190.0,NYQ,EQUITY
KBH,KB Home,Consumer Discretionary,S&P 400 (MidCap),3421082880,55.8,51794676.0,NYQ,EQUITY
KBR,"KBR, Inc.",Industrials,S&P 400 (MidCap),4803181056,38.1,69996939.0,NYQ,EQUITY
KD,Kyndryl,Information Technology,S&P 400 (MidCap),2849062656,13.08,61394119.2,NYQ,EQUITY
KEX,Kirby Corporation,Industrials,S&P 400 (MidCap),7177103360,135.93,81791799.60000001,NYQ,EQUITY
KNF,Knife River Corporation,Materials,S&P 400 (MidCap),3826344960,67.42,74524045.4,NYQ,EQUITY
KNSL,Kinsale Capital Group,Financials,S&P 400 (MidCap),8508196864,373.52,101716966.39999999,NYQ,EQUITY
KNX,Knight-Swift,Industrials,S&P 400 (MidCap),11606129664,71.31,249918730.8,NYQ,EQUITY
KRC,Kilroy Realty Corp,Real Estate,S&P 400 (MidCap),4256118272,36.24,39836820.0,NYQ,EQUITY
KRG,Kite Realty Group Trust,Real Estate,S&P 400 (MidCap),5470273536,26.31,90259875.3,NYQ,EQUITY
KRYS,Krystal Biotech,Health Care,S&P 400 (MidCap),9852268544,332.86,121480585.60000001,NMS,EQUITY
KTOS,Kratos Defense & Security Solutions,Industrials,S&P 400 (MidCap),11967524864,63.82,290469071.6,NMS,EQUITY
LAD,Lithia Motors,Consumer Discretionary,S&P 400 (MidCap),8321708544,378.55,130550538.5,NYQ,EQUITY
LAMR,Lamar Advertising Company,Real Estate,S&P 400 (MidCap),15645759488,154.07,125801236.39999999,NMS,EQUITY
LEA,Lear,Consumer Discretionary,S&P 400 (MidCap),8070858752,121.23,114575685.3,NYQ,EQUITY
LECO,Lincoln Electric,Industrials,S&P 400 (MidCap),15641517056,286.97,132666231.00000001,NMS,EQUITY
LFUS,Littelfuse,Information Technology,S&P 400 (MidCap),11658279936,459.01,126048736.1,NMS,EQUITY
LIVN,LivaNova,Health Care,S&P 400 (MidCap),4450453504,80.78,70856984.8,NMS,EQUITY
LNTH,Lantheus Holdings,Health Care,S&P 400 (MidCap),6574885888,100.73,293422460.8,NGM,EQUITY
LOPE,Grand Canyon Education,Consumer Discretionary,S&P 400 (MidCap),3702798848,142.06,46098470.0,NMS,EQUITY
LPX,Louisiana-Pacific,Industrials,S&P 400 (MidCap),5150558720,73.66,104659811.0,NYQ,EQUITY
LSCC,Lattice Semiconductor,Information Technology,S&P 400 (MidCap),18323920896,129.27,280850709.3,NMS,EQUITY
LSTR,Landstar System,Industrials,S&P 400 (MidCap),6307177472,185.85,116438742.0,NMS,EQUITY
M,Macy's,Consumer Discretionary,S&P 400 (MidCap),6257673216,23.79,106295385.3,NYQ,EQUITY
MANH,Manhattan Associates,Information Technology,S&P 400 (MidCap),11231287296,192.63,188243814.9,NMS,EQUITY
MAT,Mattel,Consumer Discretionary,S&P 400 (MidCap),4185504768,14.65,60302623.0,NMS,EQUITY
MEDP,Medpace,Health Care,S&P 400 (MidCap),16662700032,596.98,136851695.20000002,NMS,EQUITY
MIDD,Middleby,Industrials,S&P 400 (MidCap),5378264064,118.95,72934192.5,NMS,EQUITY
MKSI,MKS Instruments,Information Technology,S&P 400 (MidCap),20747094016,306.83,549713559.6999999,NMS,EQUITY
MLI,Mueller Industries,Industrials,S&P 400 (MidCap),15102265344,68.28,73027508.4,NYQ,EQUITY
MMS,Maximus Inc.,Industrials,S&P 400 (MidCap),2850356480,54.44,42841558.0,NYQ,EQUITY
MOG-A,Moog Inc.,Industrials,S&P 400 (MidCap),13581230080,428.82,140777317.8,NYQ,EQUITY
MOH,Molina Healthcare,Health Care,S&P 400 (MidCap),10756331520,206.06,125603873.0,NYQ,EQUITY
MORN,"Morningstar, Inc.",Financials,S&P 400 (MidCap),7409305600,197.51,73764059.7,NMS,EQUITY
MP,MP Materials,Materials,S&P 400 (MidCap),9637076992,54.11,442107919.4,NYQ,EQUITY
MSA,MSA Safety,Industrials,S&P 400 (MidCap),7408573952,192.04,73295906.8,NYQ,EQUITY
MSM,MSC Industrial Direct,Industrials,S&P 400 (MidCap),6670281728,119.44,73412601.6,NYQ,EQUITY
MTDR,Matador Resources,Energy,S&P 400 (MidCap),6498333696,52.51,116035022.7,NYQ,EQUITY
MTG,MGIC Investment Corporation,Financials,S&P 400 (MidCap),6285024768,30.64,52809878.4,NYQ,EQUITY
MTN,Vail Resorts,Consumer Discretionary,S&P 400 (MidCap),5286590464,148.36,68870195.60000001,NYQ,EQUITY
MTSI,MACOM Technology Solutions,Information Technology,S&P 400 (MidCap),23732264960,310.75,521867335.0,NMS,EQUITY
MTZ,MasTec,Industrials,S&P 400 (MidCap),22574522368,281.11,527255538.20000005,NYQ,EQUITY
MUR,Murphy Oil,Energy,S&P 400 (MidCap),5055618048,35.26,71106373.8,NYQ,EQUITY
MUSA,Murphy USA,Consumer Discretionary,S&P 400 (MidCap),10052763648,546.93,188843990.39999998,NYQ,EQUITY
MZTI,The Marzetti Company,Consumer Staples,S&P 400 (MidCap),3178253824,115.9,34497635.0,NMS,EQUITY
NBIX,Neurocrine Biosciences,Health Care,S&P 400 (MidCap),15907081216,156.49,265012685.20000002,NMS,EQUITY
NEU,NewMarket Corporation,Materials,S&P 400 (MidCap),8593213440,934.41,137694657.6,NYQ,EQUITY
NFG,National Fuel Gas,Utilities,S&P 400 (MidCap),7767085568,81.72,62823884.4,NYQ,EQUITY
NJR,New Jersey Resources,Utilities,S&P 400 (MidCap),5587018752,55.36,44454080.0,NYQ,EQUITY
NLY,Annaly Capital Management,Financials,S&P 400 (MidCap),17418340352,23.11,181628654.1,NYQ,EQUITY
NNN,NNN Reit,Real Estate,S&P 400 (MidCap),8792377344,45.81,65869282.800000004,NYQ,EQUITY
NOV,NOV Inc.,Energy,S&P 400 (MidCap),7453957120,20.91,66028970.7,NYQ,EQUITY
NOVT,Novanta,Information Technology,S&P 400 (MidCap),6317079552,167.04,83979360.0,NMS,EQUITY
NTNX,Nutanix,Information Technology,S&P 400 (MidCap),17476220928,64.65,151870608.0,NMS,EQUITY
NVST,Envista Holdings,Health Care,S&P 400 (MidCap),4611334144,28.71,106980350.4,NYQ,EQUITY
NVT,nVent Electric plc,Industrials,S&P 400 (MidCap),27703605248,171.16,416945760.0,NYQ,EQUITY
NWE,NorthWestern Energy,Utilities,S&P 400 (MidCap),4340699136,70.56,27368812.8,NMS,EQUITY
NXST,Nexstar Media Group,Communication Services,S&P 400 (MidCap),5703848448,185.14,68251861.0,NMS,EQUITY
NXT,Nextpower,Industrials,S&P 400 (MidCap),15927687168,103.67,329887270.3,NMS,EQUITY
NYT,New York Times Company,Communication Services,S&P 400 (MidCap),10314085376,63.95,200538247.0,NYQ,EQUITY
OC,Owens Corning,Industrials,S&P 400 (MidCap),12324480000,155.91,148056813.29999998,NYQ,EQUITY
OGE,OGE Energy,Utilities,S&P 400 (MidCap),9678955520,46.9,68102083.0,NYQ,EQUITY
OGS,One Gas,Utilities,S&P 400 (MidCap),5052386816,80.38,43811119.0,NYQ,EQUITY
OHI,Omega Healthcare Investors,Real Estate,S&P 400 (MidCap),14467180544,45.87,88477266.89999999,NYQ,EQUITY
OKTA,"Okta, Inc.",Information Technology,S&P 400 (MidCap),25828532224,147.3,362796954.0,NMS,EQUITY
OLED,Universal Display,Information Technology,S&P 400 (MidCap),4229408768,92.01,78729276.60000001,NMS,EQUITY
OLLI,Ollie's Bargain Outlet,Consumer Discretionary,S&P 400 (MidCap),4730469888,78.25,97013567.5,NGM,EQUITY
OLN,Olin Corporation,Materials,S&P 400 (MidCap),2133752064,18.72,73765598.39999999,NYQ,EQUITY
ONB,Old National Bank,Financials,S&P 400 (MidCap),10359995392,27.08,100235807.6,NMS,EQUITY
ONTO,Onto Innovation,Information Technology,S&P 400 (MidCap),20619991040,337.35,455449488.00000006,NYQ,EQUITY
OPCH,Option Care Health,Health Care,S&P 400 (MidCap),3570880256,23.84,68831801.6,NMS,EQUITY
ORA,Ormat Technologies,Utilities,S&P 400 (MidCap),6973753344,113.4,113509998.0,NYQ,EQUITY
ORI,Old Republic International,Financials,S&P 400 (MidCap),10253657088,42.47,50342239.199999996,NYQ,EQUITY
OSK,Oshkosh,Industrials,S&P 400 (MidCap),9705605120,155.66,127376578.0,NYQ,EQUITY
OVV,Ovintiv,Energy,S&P 400 (MidCap),17481119744,63.2,195969296.0,NYQ,EQUITY
OZK,Bank OZK,Financials,S&P 400 (MidCap),5685221376,52.14,43537421.4,NMS,EQUITY
P,Everpure,Information Technology,S&P 400 (MidCap),37029908480,111.4,352392734.0,NYQ,EQUITY
PAG,Penske Automotive Group,Consumer Discretionary,S&P 400 (MidCap),14314506240,218.0,91023720.0,NYQ,EQUITY
PATH,UiPath,Information Technology,S&P 400 (MidCap),7906515456,15.26,955145069.1999999,NYQ,EQUITY
PB,Prosperity Bancshares,Financials,S&P 400 (MidCap),8948362240,74.46,70386293.39999999,NYQ,EQUITY
PBF,PBF Energy,Energy,S&P 400 (MidCap),8337881600,70.34,269560465.0,NYQ,EQUITY
PCTY,Paylocity,Industrials,S&P 400 (MidCap),7728807936,145.67,146529453.0,NMS,EQUITY
PEGA,Pegasystems,Information Technology,S&P 400 (MidCap),5154095104,31.35,56542546.5,NMS,EQUITY
PEN,"Penumbra, Inc.",Health Care,S&P 400 (MidCap),12863797248,326.58,91292173.2,NYQ,EQUITY
PFGC,Performance Food Group,Consumer Staples,S&P 400 (MidCap),16873022464,107.41,203473207.6,NYQ,EQUITY
PII,Polaris,Consumer Discretionary,S&P 400 (MidCap),3899029248,68.52,51877177.199999996,NYQ,EQUITY
PINS,Pinterest,Communication Services,S&P 400 (MidCap),12827601920,22.9,314793476.0,NYQ,EQUITY
PK,Park Hotels & Resorts,Real Estate,S&P 400 (MidCap),2989874432,14.85,66007507.5,NYQ,EQUITY
PLNT,Planet Fitness,Consumer Discretionary,S&P 400 (MidCap),3660483328,48.26,117700348.8,NYQ,EQUITY
PNFP,Pinnacle Financial Partners,Financials,S&P 400 (MidCap),16143364096,106.83,105055553.7,NYQ,EQUITY
POR,Portland General Electric,Utilities,S&P 400 (MidCap),5739257856,48.8,54870232.0,NYQ,EQUITY
POST,Post Holdings,Consumer Staples,S&P 400 (MidCap),3652093952,80.58,102682288.2,NYQ,EQUITY
PPC,Pilgrim's Pride,Consumer Staples,S&P 400 (MidCap),6395595264,26.86,42338612.199999996,NMS,EQUITY
PR,Permian Resources,Energy,S&P 400 (MidCap),17965598720,21.45,192432454.5,NYQ,EQUITY
PRI,Primerica,Financials,S&P 400 (MidCap),9566831616,310.84,62093398.4,NYQ,EQUITY
PSN,Parsons Corporation,Industrials,S&P 400 (MidCap),5156563968,48.28,96034713.60000001,NYQ,EQUITY
PVH,PVH Corp.,Consumer Discretionary,S&P 400 (MidCap),3761959168,81.59,73668426.9,NYQ,EQUITY
QLYS,Qualys,Information Technology,S&P 400 (MidCap),6590862848,187.15,177786885.5,NMS,EQUITY
R,Ryder,Industrials,S&P 400 (MidCap),10083692544,262.96,74507086.39999999,NYQ,EQUITY
RBA,RB Global,Industrials,S&P 400 (MidCap),16107497472,86.46,195057218.39999998,NYQ,EQUITY
RBC,RBC Bearings,Industrials,S&P 400 (MidCap),17591459840,555.65,142879841.0,NYQ,EQUITY
REXR,Rexford Industrial Realty,Real Estate,S&P 400 (MidCap),8320041984,36.39,86843279.4,NYQ,EQUITY
RGA,Reinsurance Group of America,Financials,S&P 400 (MidCap),16069433344,246.08,90710009.60000001,NYQ,EQUITY
RGEN,Repligen,Health Care,S&P 400 (MidCap),9351382016,165.7,168662716.0,NMS,EQUITY
RGLD,Royal Gold,Materials,S&P 400 (MidCap),19730575360,232.87,182900755.4,NMS,EQUITY
RH,RH,Consumer Discretionary,S&P 400 (MidCap),3411451136,180.25,138347282.5,NYQ,EQUITY
RLI,RLI Corp.,Financials,S&P 400 (MidCap),5775275008,62.93,46829359.5,NYQ,EQUITY
RMBS,Rambus,Information Technology,S&P 400 (MidCap),10922915840,101.01,230458355.4,NMS,EQUITY
RNR,RenaissanceRe,Financials,S&P 400 (MidCap),13190648832,317.45,83759182.5,NYQ,EQUITY
ROIV,Roivant Sciences,Health Care,S&P 400 (MidCap),26119200768,36.16,222180057.59999996,NMS,EQUITY
ROKU,"Roku, Inc.",Communication Services,S&P 400 (MidCap),22528516096,151.79,472526823.7,NMS,EQUITY
RPM,RPM International,Materials,S&P 400 (MidCap),14687880192,115.07,100199503.89999999,NYQ,EQUITY
RRC,Range Resources,Energy,S&P 400 (MidCap),9389243392,40.18,92827854.0,NYQ,EQUITY
RRX,Regal Rexnord,Industrials,S&P 400 (MidCap),11513733120,172.9,283296650.0,NYQ,EQUITY
RS,"Reliance, Inc.",Materials,S&P 400 (MidCap),21805246464,427.11,126300698.10000001,NYQ,EQUITY
RYAN,Ryan Specialty,Financials,S&P 400 (MidCap),16719560704,42.87,102247093.5,NYQ,EQUITY
RYN,Rayonier,Real Estate,S&P 400 (MidCap),6505271808,21.51,70135721.10000001,NYQ,EQUITY
SAIA,Saia,Industrials,S&P 400 (MidCap),9727177728,364.66,226439273.60000002,NMS,EQUITY
SAIC,Science Applications Intl Corp,Industrials,S&P 400 (MidCap),5339984896,126.31,52263288.7,NMS,EQUITY
SANM,Sanmina Corporation,Information Technology,S&P 400 (MidCap),11196487680,208.9,168855959.0,NMS,EQUITY
SARO,StandardAero,Industrials,S&P 400 (MidCap),9063882752,27.39,89114186.7,NYQ,EQUITY
SBRA,Sabra Health Care REIT,Real Estate,S&P 400 (MidCap),5157793280,20.19,61709119.800000004,NMS,EQUITY
SCI,Service Corp Intl,Consumer Discretionary,S&P 400 (MidCap),11503009792,84.4,96508868.0,NYQ,EQUITY
SEIC,SEI Investments Company,Financials,S&P 400 (MidCap),12666824704,105.54,60970458.0,NMS,EQUITY
SF,Stifel,Financials,S&P 400 (MidCap),12826087424,84.94,78470969.6,NYQ,EQUITY
SFM,Sprouts Farmers Market,Consumer Staples,S&P 400 (MidCap),8025822720,86.07,171410987.1,NMS,EQUITY
SGI,Somnigroup International,Consumer Discretionary,S&P 400 (MidCap),13515982848,64.25,199768027.5,NYQ,EQUITY
SHC,Sotera Health,Health Care,S&P 400 (MidCap),5390729728,18.89,54430023.800000004,NMS,EQUITY
SIGI,Selective Insurance Group,Financials,S&P 400 (MidCap),5592863744,93.84,39862293.6,NMS,EQUITY
SIRI,SiriusXM,Communication Services,S&P 400 (MidCap),9586182144,28.44,140709744.0,NMS,EQUITY
SITM,SiTime,Information Technology,S&P 400 (MidCap),20463941632,680.52,416872941.59999996,NGM,EQUITY
SLAB,Silicon Labs,Information Technology,S&P 400 (MidCap),7301648384,218.83,45866768.0,NMS,EQUITY
SLGN,Silgan Holdings,Materials,S&P 400 (MidCap),4298087424,40.67,51845709.300000004,NYQ,EQUITY
SLM,SLM Corp,Financials,S&P 400 (MidCap),5258359808,27.97,61581828.699999996,NMS,EQUITY
SMG,Scotts Miracle-Gro Company,Materials,S&P 400 (MidCap),3619554304,62.17,67245558.8,NYQ,EQUITY
SMTC,Semtech,Information Technology,S&P 400 (MidCap),13041163264,140.0,284793600.0,NMS,EQUITY
SN,SharkNinja,Consumer Discretionary,S&P 400 (MidCap),26220423168,186.13,410632560.8,NYQ,EQUITY
SNX,TD Synnex,Information Technology,S&P 400 (MidCap),20406274048,255.21,146896323.9,NYQ,EQUITY
SOLS,Solstice Advanced Materials,Materials,S&P 400 (MidCap),9881894912,62.21,156173228.2,NMS,EQUITY
SON,Sonoco,Materials,S&P 400 (MidCap),5744270848,58.1,59390982.0,NYQ,EQUITY
SPXC,SPX Technologies,Industrials,S&P 400 (MidCap),10927732736,218.18,110704532.0,NYQ,EQUITY
SR,Spire,Utilities,S&P 400 (MidCap),4889220096,82.71,41166421.199999996,NYQ,EQUITY
SSB,South State Bank,Financials,S&P 400 (MidCap),10702109696,110.36,107573410.0,NYQ,EQUITY
SSD,Simpson Manufacturing,Industrials,S&P 400 (MidCap),7985045504,194.83,47563847.900000006,NYQ,EQUITY
ST,Sensata Technologies,Industrials,S&P 400 (MidCap),6716480000,46.15,71228833.0,NYQ,EQUITY
STAG,STAG Industrial,Real Estate,S&P 400 (MidCap),7269888512,36.94,55538181.8,NYQ,EQUITY
STRL,Sterling Infrastructure,Industrials,S&P 400 (MidCap),16791567360,548.95,480913137.00000006,NMS,EQUITY
STWD,Starwood Property Trust,Financials,S&P 400 (MidCap),6250996736,16.46,99610652.80000001,NYQ,EQUITY
SWX,Southwest Gas Corp,Utilities,S&P 400 (MidCap),6677334528,92.17,46602073.7,NYQ,EQUITY
SYNA,Synaptics,Information Technology,S&P 400 (MidCap),4303332352,110.04,79683265.2,NMS,EQUITY
TCBI,Texas Capital Bancshares,Financials,S&P 400 (MidCap),4384824832,100.86,36484087.8,NMS,EQUITY
TEX,Terex,Industrials,S&P 400 (MidCap),7795259904,68.2,95464996.0,NYQ,EQUITY
THC,Tenet Health,Health Care,S&P 400 (MidCap),21481664512,266.79,243790034.10000002,NYQ,EQUITY
THG,Hanover Insurance,Financials,S&P 400 (MidCap),7736356352,222.18,68431440.0,NYQ,EQUITY
THO,Thor Industries,Consumer Discretionary,S&P 400 (MidCap),4110970624,78.97,43172109.3,NYQ,EQUITY
TKR,Timken,Industrials,S&P 400 (MidCap),9051660288,130.25,152749385.0,NYQ,EQUITY
TLN,Talen Energy,Utilities,S&P 400 (MidCap),17492060160,365.07,303599513.4,NMS,EQUITY
TNL,Travel + Leisure Co.,Consumer Discretionary,S&P 400 (MidCap),4576546304,74.68,55207936.800000004,NYQ,EQUITY
TOL,Toll Brothers,Consumer Discretionary,S&P 400 (MidCap),13883247616,148.53,112774373.1,NYQ,EQUITY
TOST,"Toast, Inc.",Financials,S&P 400 (MidCap),19686680576,34.06,381356196.0,NYQ,EQUITY
TREX,Trex,Industrials,S&P 400 (MidCap),5146103808,49.53,125300994.0,NYQ,EQUITY
TRU,TransUnion,Industrials,S&P 400 (MidCap),15220704256,79.44,143515509.6,NYQ,EQUITY
TTC,Toro,Industrials,S&P 400 (MidCap),9324875776,97.92,48960000.0,NYQ,EQUITY
TTEK,Tetra Tech,Industrials,S&P 400 (MidCap),9089576960,35.5,103992635.0,NMS,EQUITY
TTMI,TTM Technologies,Information Technology,S&P 400 (MidCap),14548678656,138.1,478091152.0,NMS,EQUITY
TWLO,Twilio,Information Technology,S&P 400 (MidCap),37874720768,246.62,793665085.4,NYQ,EQUITY
TXNM,TXNM Energy,Utilities,S&P 400 (MidCap),5907633664,57.33,47173417.199999996,NYQ,EQUITY
TXRH,Texas Roadhouse,Consumer Discretionary,S&P 400 (MidCap),14065538048,214.28,211140798.0,NMS,EQUITY
UBSI,United Bankshares,Financials,S&P 400 (MidCap),6660795392,48.9,37619748.0,NMS,EQUITY
UFPI,UFP Industries,Industrials,S&P 400 (MidCap),5062170112,91.77,47144084.4,NMS,EQUITY
UGI,UGI Corp,Utilities,S&P 400 (MidCap),7528772608,35.1,59924826.0,NYQ,EQUITY
ULS,UL Solutions,Industrials,S&P 400 (MidCap),15455859712,76.68,105924985.2,NYQ,EQUITY
UMBF,UMB Financial Corp.,Financials,S&P 400 (MidCap),11350731776,149.45,86394056.0,NMS,EQUITY
UNM,Unum,Financials,S&P 400 (MidCap),14665861120,91.79,141213407.60000002,NYQ,EQUITY
USFD,US Foods,Consumer Staples,S&P 400 (MidCap),23999729664,110.94,298201173.0,NYQ,EQUITY
UTHR,United Therapeutics,Health Care,S&P 400 (MidCap),21948024832,511.72,321948638.0,NMS,EQUITY
VAL,Valaris,Energy,S&P 400 (MidCap),5916624896,85.21,100506899.19999999,NYQ,EQUITY
VC,Visteon,Consumer Discretionary,S&P 400 (MidCap),2839976704,106.39,42183635.0,NMS,EQUITY
VFC,VF Corporation,Consumer Discretionary,S&P 400 (MidCap),5727970304,14.57,123668848.7,NYQ,EQUITY
VIAV,Viavi Solutions,Information Technology,S&P 400 (MidCap),10634618880,43.11,253995066.9,NMS,EQUITY
VICR,Vicor Corporation,Industrials,S&P 400 (MidCap),10425654272,226.12,152601604.4,NMS,EQUITY
VLY,Valley Bank,Financials,S&P 400 (MidCap),8250396672,14.93,89798575.2,NMS,EQUITY
VMI,Valmont Industries,Industrials,S&P 400 (MidCap),9569183744,492.91,91518599.7,NYQ,EQUITY
VNO,Vornado Realty Trust,Real Estate,S&P 400 (MidCap),8033990656,39.23,65106892.599999994,NYQ,EQUITY
VNOM,Viper Energy,Energy,S&P 400 (MidCap),22127876096,42.23,78316379.6,NMS,EQUITY
VNT,Vontier,Information Technology,S&P 400 (MidCap),4518383616,33.42,67015455.0,NYQ,EQUITY
VOYA,Voya Financial,Financials,S&P 400 (MidCap),9013431296,99.49,108168512.69999999,NYQ,EQUITY
VVV,Valvoline,Consumer Discretionary,S&P 400 (MidCap),4249079808,33.3,90129113.99999999,NYQ,EQUITY
WAL,Western Alliance Bancorporation,Financials,S&P 400 (MidCap),9013913600,82.62,71764558.2,NYQ,EQUITY
WBS,Webster Bank,Financials,S&P 400 (MidCap),12811983872,79.07,413954380.29999995,NYQ,EQUITY
WCC,WESCO International,Industrials,S&P 400 (MidCap),17767999488,364.6,231251196.0,NYQ,EQUITY
WEX,WEX Inc.,Financials,S&P 400 (MidCap),6477551104,190.06,125093690.8,NYQ,EQUITY
WFRD,Weatherford International,Energy,S&P 400 (MidCap),6645240320,92.7,76701834.0,NMS,EQUITY
WH,Wyndham Hotels & Resorts,Consumer Discretionary,S&P 400 (MidCap),5493106688,74.02,100907765.0,NYQ,EQUITY
WHR,Whirlpool Corporation,Consumer Discretionary,S&P 400 (MidCap),2793793280,42.85,116426449.5,NYQ,EQUITY
WING,Wingstop,Consumer Discretionary,S&P 400 (MidCap),3053344512,112.08,159144633.6,NMS,EQUITY
WLK,Westlake Corporation,Materials,S&P 400 (MidCap),10117652480,79.17,116976841.8,NYQ,EQUITY
WMG,Warner Music Group,Communication Services,S&P 400 (MidCap),12967890944,24.79,68303639.1,NMS,EQUITY
WMS,Advanced Drainage Systems,Industrials,S&P 400 (MidCap),10596712448,140.53,111059453.7,NYQ,EQUITY
WPC,W. P. Carey,Real Estate,S&P 400 (MidCap),16103695360,70.69,92006569.5,NYQ,EQUITY
WSO,Watsco,Industrials,S&P 400 (MidCap),12763840512,309.41,182196078.5,NYQ,EQUITY
WTFC,Wintrust Financial,Financials,S&P 400 (MidCap),10969966592,162.6,106368042.0,NMS,EQUITY
WTRG,Essential Utilities,Utilities,S&P 400 (MidCap),11311415296,39.86,84592486.4,NYQ,EQUITY
WTS,Watts Water Technologies,Industrials,S&P 400 (MidCap),12898208768,386.37,86685973.2,NYQ,EQUITY
WWD,"Woodward, Inc.",Industrials,S&P 400 (MidCap),21415919616,362.7,283751091.0,NMS,EQUITY
XPO,"XPO, Inc.",Industrials,S&P 400 (MidCap),24464046080,208.94,212051116.6,NYQ,EQUITY
XRAY,Dentsply Sirona,Health Care,S&P 400 (MidCap),2274627584,11.41,61894343.7,NMS,EQUITY
YETI,Yeti Holdings,Consumer Discretionary,S&P 400 (MidCap),3851553024,50.84,67666514.80000001,NYQ,EQUITY
ZION,Zions Bancorporation,Financials,S&P 400 (MidCap),10496965632,71.92,93431272.0,NMS,EQUITY
AAMI,Acadian Asset Management Inc.,Financials,S&P 600 (SmallCap),3271834880,92.19,39130045.5,NYQ,EQUITY
AAP,"Advance Auto Parts, Inc.",Consumer Discretionary,S&P 600 (SmallCap),3228819200,53.52,60763932.0,NYQ,EQUITY
ABCB,Ameris Bancorp,Financials,S&P 600 (SmallCap),5943688192,88.57,28531939.799999997,NYQ,EQUITY
ABG,Asbury Automotive Group,Consumer Discretionary,S&P 600 (SmallCap),3759310848,209.41,51167239.4,NYQ,EQUITY
ABM,"ABM Industries, Inc.",Industrials,S&P 600 (SmallCap),2837074176,48.43,18927412.6,NYQ,EQUITY
ACA,"Arcosa, Inc.",Industrials,S&P 600 (SmallCap),7122942464,145.05,89305834.5,NYQ,EQUITY
ACAD,Acadia Pharmaceuticals,Health Care,S&P 600 (SmallCap),5042896384,29.45,63334581.0,NMS,EQUITY
ACHC,Acadia Healthcare,Health Care,S&P 600 (SmallCap),2951278592,31.7,64542151.0,NMS,EQUITY
ACIW,ACI Worldwide,Information Technology,S&P 600 (SmallCap),5325388800,52.75,70314167.5,NMS,EQUITY
ACLS,"Axcelis Technologies, Inc.",Information Technology,S&P 600 (SmallCap),4389494784,142.14,64471861.199999996,NMS,EQUITY
ACMR,"ACM Research, Inc.",Information Technology,S&P 600 (SmallCap),5659694080,81.26,79143989.60000001,NGM,EQUITY
ACT,"Enact Holdings, Inc.",Financials,S&P 600 (SmallCap),6788943360,49.38,19306098.6,NMS,EQUITY
ADEA,"Adeia, Inc.",Information Technology,S&P 600 (SmallCap),3099975168,28.11,33723819.99,NMS,EQUITY
ADMA,"ADMA Biologics, Inc.",Health Care,S&P 600 (SmallCap),2190569984,9.78,26790843.0,NGM,EQUITY
ADT,ADT Inc.,Consumer Discretionary,S&P 600 (SmallCap),5340387840,7.31,65745628.3,NYQ,EQUITY
ADUS,Addus HomeCare Corp.,Health Care,S&P 600 (SmallCap),2203563520,118.06,28251758.0,NMS,EQUITY
AEO,American Eagle Outfitters,Consumer Discretionary,S&P 600 (SmallCap),2721390848,16.24,70646760.8,NYQ,EQUITY
AGO,Assured Guaranty Ltd.,Financials,S&P 600 (SmallCap),3287885568,74.76,28553834.400000002,NYQ,EQUITY
AGX,"Argan, Inc.",Industrials,S&P 600 (SmallCap),8020410880,572.1,152012691.0,NYQ,EQUITY
AGYS,"Agilysys, Inc.",Information Technology,S&P 600 (SmallCap),3027891200,107.35,29468648.5,NMS,EQUITY
AIR,AAR Corp.,Industrials,S&P 600 (SmallCap),5964749824,148.16,41732227.199999996,NYQ,EQUITY
AKR,Acadia Realty Trust,Real Estate,S&P 600 (SmallCap),3017916928,20.7,31552389.0,NYQ,EQUITY
ALG,Alamo Group,Industrials,S&P 600 (SmallCap),2010886912,165.22,25148136.2,NYQ,EQUITY
ALGT,Allegiant Travel Company,Industrials,S&P 600 (SmallCap),2308400128,84.44,43972130.0,NMS,EQUITY
ALHC,"Alignment Healthcare, Inc.",Health Care,S&P 600 (SmallCap),2804523264,13.52,106130783.2,NMS,EQUITY
ALKS,Alkermes plc,Health Care,S&P 600 (SmallCap),8435136512,50.28,79350387.60000001,NMS,EQUITY
ALRM,"Alarm.Com, Inc.",Financials,S&P 600 (SmallCap),2722543872,55.46,21713144.6,NMS,EQUITY
AMR,"Alpha Metallurgical Resources, Inc.",Materials,S&P 600 (SmallCap),2022561280,159.52,50797548.800000004,NYQ,EQUITY
AMRX,Amneal Pharmaceuticals,Health Care,S&P 600 (SmallCap),6150907904,17.66,35351788.0,NMS,EQUITY
AMTM,Amentum,Industrials,S&P 600 (SmallCap),5506284544,22.52,54203613.199999996,NYQ,EQUITY
ANDE,"The Andersons, Inc.",Consumer Staples,S&P 600 (SmallCap),2234286592,65.61,25373355.3,NMS,EQUITY
APAM,"Artisan Partners Asset Management, Inc.",Financials,S&P 600 (SmallCap),2966230784,41.78,37190884.800000004,NYQ,EQUITY
APLE,"Apple Hospitality REIT, Inc.",Real Estate,S&P 600 (SmallCap),3713580800,15.73,58221449.0,NYQ,EQUITY
ARCB,ArcBest Corp.,Industrials,S&P 600 (SmallCap),3143270912,140.63,57652674.8,NMS,EQUITY
AROC,"Archrock, Inc.",Energy,S&P 600 (SmallCap),5835254784,33.28,63877299.2,NYQ,EQUITY
ARR,Armour Residential REIT,Real Estate,S&P 600 (SmallCap),2355442432,16.64,58107379.2,NYQ,EQUITY
ASO,Academy Sports + Outdoors,Consumer Discretionary,S&P 600 (SmallCap),3053784832,49.24,46714972.800000004,NMS,EQUITY
ATMU,Atmus Filtration Technologies Inc.,Industrials,S&P 600 (SmallCap),4063457280,49.8,39727452.0,NYQ,EQUITY
AUB,"Atlantic Union Bankshares, Corp.",Financials,S&P 600 (SmallCap),6061064192,42.44,33641763.6,NYQ,EQUITY
AVA,Avista Corporation,Utilities,S&P 600 (SmallCap),3226996480,38.53,28818513.5,NYQ,EQUITY
AWI,"Armstrong World Industries, Inc.",Industrials,S&P 600 (SmallCap),7753538048,183.46,85081409.60000001,NYQ,EQUITY
AWR,American States Water Company,Utilities,S&P 600 (SmallCap),3485953024,87.95,23088634.0,NYQ,EQUITY
AX,"Axos Financial, Inc.",Financials,S&P 600 (SmallCap),5680780288,100.13,34160350.8,NYQ,EQUITY
AZZ,"AZZ, Inc.",Industrials,S&P 600 (SmallCap),4549196288,151.38,33368693.4,NYQ,EQUITY
BANC,"Banc Of California, Inc.",Financials,S&P 600 (SmallCap),3103693056,19.59,71073303.6,NYQ,EQUITY
BANF,Bancfirst Corp,Financials,S&P 600 (SmallCap),3839259904,114.31,13258816.9,NMS,EQUITY
BANR,Banner Corporation,Financials,S&P 600 (SmallCap),2495171840,73.42,24147838.0,NMS,EQUITY
BBT,Beacon Financial Corp.,Financials,S&P 600 (SmallCap),2685467648,32.04,24391411.2,NYQ,EQUITY
BCC,Boise Cascade,Industrials,S&P 600 (SmallCap),2939596288,84.25,34662135.0,NYQ,EQUITY
BCPC,Balchem Corporation,Materials,S&P 600 (SmallCap),5730392576,179.76,38849731.199999996,NMS,EQUITY
BFAM,Bright Horizons Family Solutions Inc.,Consumer Discretionary,S&P 600 (SmallCap),3759272960,71.46,53004025.8,NYQ,EQUITY
BFH,"Bread Financial Holdings, Inc.",Financials,S&P 600 (SmallCap),4462960128,110.45,48282113.0,NYQ,EQUITY
BGC,"BGC Group, Inc.",Financials,S&P 600 (SmallCap),5116019712,10.76,29499400.8,NMS,EQUITY
BHE,"Benchmark Electronics, Inc.",Information Technology,S&P 600 (SmallCap),2943279360,81.94,27929249.0,NYQ,EQUITY
BKE,"The Buckle, Inc.",Consumer Discretionary,S&P 600 (SmallCap),2334799616,45.32,17451372.4,NYQ,EQUITY
BKU,"BankUnited, Inc.",Financials,S&P 600 (SmallCap),3379970304,47.45,26926926.0,NYQ,EQUITY
BLKB,Blackbaud,Information Technology,S&P 600 (SmallCap),2027575552,44.67,30528818.1,NMS,EQUITY
BMI,"Badger Meter, Inc.",Information Technology,S&P 600 (SmallCap),3906557696,134.77,46498345.400000006,NYQ,EQUITY
BNL,"Broadstone Net Lease, Inc.",Real Estate,S&P 600 (SmallCap),4485731328,21.07,64866523.4,NYQ,EQUITY
BOH,Bank of Hawaii,Financials,S&P 600 (SmallCap),3133544960,79.43,25184870.1,NYQ,EQUITY
BOOT,"Boot Barn Holdings, Inc.",Consumer Discretionary,S&P 600 (SmallCap),4867985920,160.74,131678208.0,NYQ,EQUITY
BOX,"Box, Inc.",Information Technology,S&P 600 (SmallCap),4481530880,32.35,93862554.5,NYQ,EQUITY
BRC,Brady Corporation,Industrials,S&P 600 (SmallCap),4481369088,95.12,13905592.8,NYQ,EQUITY
BTU,"Peabody Energy, Inc.",Energy,S&P 600 (SmallCap),3006053888,24.66,55378715.4,NYQ,EQUITY
BXMT,"Blackstone Mortgage Trust, Inc.",Financials,S&P 600 (SmallCap),2406802432,14.28,54444070.8,NYQ,EQUITY
CACC,Credit Acceptance,Financials,S&P 600 (SmallCap),6038075904,577.25,69806842.5,NMS,EQUITY
CAG,Conagra Brands,Consumer Staples,S&P 600 (SmallCap),7159342080,14.96,167594935.20000002,NYQ,EQUITY
CAKE,"The Cheesecake Factory, Inc.",Consumer Discretionary,S&P 600 (SmallCap),5836424704,117.29,234697290.0,NMS,EQUITY
CALM,"Cal-Maine Foods, Inc.",Consumer Staples,S&P 600 (SmallCap),3857053184,82.21,60964469.699999996,NMS,EQUITY
CALX,Calix,Information Technology,S&P 600 (SmallCap),2512263168,39.9,37188396.0,NYQ,EQUITY
CALY,Callaway Golf Company,Consumer Discretionary,S&P 600 (SmallCap),2971392768,16.53,36052756.5,NYQ,EQUITY
CARG,CarGurus,Communication Services,S&P 600 (SmallCap),3285030144,36.88,38725475.2,NMS,EQUITY
CATY,Cathay General Bancorp,Financials,S&P 600 (SmallCap),4300372992,64.46,24403266.799999997,NMS,EQUITY
CBU,"Community Bank System, Inc.",Financials,S&P 600 (SmallCap),3426347776,65.12,15150819.200000001,NYQ,EQUITY
CC,Chemours,Materials,S&P 600 (SmallCap),2293604608,15.24,60042247.2,NYQ,EQUITY
CCS,"Century Communities, Inc.",Consumer Discretionary,S&P 600 (SmallCap),2003078016,70.45,15637082.0,NYQ,EQUITY
CE,Celanese,Materials,S&P 600 (SmallCap),4753226240,43.31,103583227.7,NYQ,EQUITY
CENT,Central Garden & Pet Company,Consumer Staples,S&P 600 (SmallCap),2791004160,44.59,5123391.0,NMS,EQUITY
CENTA,Central Garden & Pet Company (Class A),Consumer Staples,S&P 600 (SmallCap),2430470656,38.83,13754750.899999999,NMS,EQUITY
CENX,Century Aluminum Company,Materials,S&P 600 (SmallCap),4768506880,48.17,117023234.60000001,NMS,EQUITY
CHCO,City Holding Company,Financials,S&P 600 (SmallCap),2067728512,147.22,15129799.4,NMS,EQUITY
CHEF,"Chefs' Warehouse, Inc.",Consumer Staples,S&P 600 (SmallCap),4531220992,111.07,58402827.4,NMS,EQUITY
CLSK,"CleanSpark, Inc.",Information Technology,S&P 600 (SmallCap),3128032000,12.18,260006338.2,NCM,EQUITY
CNK,"Cinemark Holdings, Inc.",Communication Services,S&P 600 (SmallCap),4324671488,37.31,110285002.10000001,NYQ,EQUITY
CNR,"Core Natural Resources, Inc.",Energy,S&P 600 (SmallCap),4712962560,94.95,56411694.0,NYQ,EQUITY
CNS,"Cohen & Steers, Inc.",Financials,S&P 600 (SmallCap),4361574400,84.82,19773238.4,NYQ,EQUITY
CNXN,"PC Connection, Inc.",Information Technology,S&P 600 (SmallCap),2025609984,80.26,16312042.4,NMS,EQUITY
COCO,The Vita Coco Company,Consumer Staples,S&P 600 (SmallCap),3845072640,66.45,62226438.0,NMS,EQUITY
COHU,"Cohu, Inc.",Information Technology,S&P 600 (SmallCap),2657579520,56.14,71283203.6,NMS,EQUITY
CON,"Concentra Group Holdings Parent, Inc.",Health Care,S&P 600 (SmallCap),4404462592,34.54,36005877.6,NYQ,EQUITY
CORT,Corcept Therapeutics Incorporated,Health Care,S&P 600 (SmallCap),12126478336,112.18,160133584.60000002,NCM,EQUITY
CPB,The Campbell's Company,Consumer Staples,S&P 600 (SmallCap),6739461120,22.6,109041610.0,NMS,EQUITY
CPK,Chesapeake Utilities Corp.,Utilities,S&P 600 (SmallCap),3247862784,134.73,24638075.099999998,NYQ,EQUITY
CRC,California Resources Corporation,Energy,S&P 600 (SmallCap),4749199872,53.47,46764327.3,NYQ,EQUITY
CRGY,Crescent Energy Company,Energy,S&P 600 (SmallCap),3984668928,12.06,73518121.8,NYQ,EQUITY
CRK,"Comstock Resources, Inc.",Energy,S&P 600 (SmallCap),4087197952,13.92,30771412.8,NYQ,EQUITY
CRVL,CorVel Corporation,Health Care,S&P 600 (SmallCap),3169914880,62.75,12544980.0,NMS,EQUITY
CSW,"CSW Industrials, Inc.",Industrials,S&P 600 (SmallCap),5654003200,347.01,63350145.6,NYQ,EQUITY
CUBI,"Customers Bancorp, Inc.",Financials,S&P 600 (SmallCap),2800379136,82.79,22133078.6,NYQ,EQUITY
CURB,Curbline Properties Corp.,Real Estate,S&P 600 (SmallCap),3431392768,30.09,32808631.5,NYQ,EQUITY
CVBF,CVB Financial Corp.,Financials,S&P 600 (SmallCap),4047941120,23.0,29495430.0,NMS,EQUITY
CVCO,"Cavco Industries, Inc.",Consumer Discretionary,S&P 600 (SmallCap),4601184256,598.38,95710881.0,NMS,EQUITY
CVI,"CVR Energy, Inc.",Energy,S&P 600 (SmallCap),3522592256,35.04,41744904.0,NYQ,EQUITY
CVSA,Covista Inc.,Consumer Discretionary,S&P 600 (SmallCap),4364457472,128.22,49628833.2,NYQ,EQUITY
CWEN,"Clearway Energy, Inc. (Class C)",Utilities,S&P 600 (SmallCap),8479346176,34.38,44052813.0,NYQ,EQUITY
CWK,Cushman & Wakefield plc,Real Estate,S&P 600 (SmallCap),3241396480,13.81,24700566.0,NYQ,EQUITY
CWST,"Casella Waste Systems, Inc.",Industrials,S&P 600 (SmallCap),5763242496,90.56,56971296.0,NMS,EQUITY
CWT,California Water Service Group,Utilities,S&P 600 (SmallCap),3090718208,49.98,28711510.799999997,NYQ,EQUITY
CXW,CoreCivic,Industrials,S&P 600 (SmallCap),3322821120,33.6,53535888.0,NYQ,EQUITY
CZR,Caesars Entertainment,Consumer Discretionary,S&P 600 (SmallCap),6036234240,29.63,146225827.79999998,NMS,EQUITY
DAN,Dana Incorporated,Consumer Discretionary,S&P 600 (SmallCap),3195027456,29.7,46230129.0,NYQ,EQUITY
DAVE,"Dave, Inc.",Financials,S&P 600 (SmallCap),4033163776,316.19,157497400.9,NGM,EQUITY
DBD,Diebold Nixdorf,Information Technology,S&P 600 (SmallCap),2436686080,71.78,23642178.6,NYQ,EQUITY
DEI,Douglas Emmett,Real Estate,S&P 600 (SmallCap),2344599552,11.66,23891806.4,NYQ,EQUITY
DGII,Digi International Inc.,Information Technology,S&P 600 (SmallCap),3234697984,85.24,33922962.8,NMS,EQUITY
DIOD,Diodes Incorporated,Information Technology,S&P 600 (SmallCap),4929374208,107.04,57019137.6,NMS,EQUITY
DNOW,NOW Inc,Industrials,S&P 600 (SmallCap),3044434432,16.84,53202275.2,NYQ,EQUITY
DORM,"Dorman Products, Inc.",Consumer Discretionary,S&P 600 (SmallCap),3965552896,133.63,65985157.699999996,NMS,EQUITY
DRH,DiamondRock Hospitality Company,Real Estate,S&P 600 (SmallCap),2511908608,12.23,38887975.6,NMS,EQUITY
DV,DoubleVerify Holdings Inc.,Communication Services,S&P 600 (SmallCap),2039539072,13.29,104158381.5,NYQ,EQUITY
DXPE,"DXP Enterprises, Inc.",Industrials,S&P 600 (SmallCap),3037636864,195.76,34465505.6,NMS,EQUITY
EAT,"Brinker International, Inc.",Consumer Discretionary,S&P 600 (SmallCap),10545679360,245.89,301994721.3,NYQ,EQUITY
EBC,"Eastern Bankshares, Inc.",Financials,S&P 600 (SmallCap),5335745024,23.35,54182974.5,NMS,EQUITY
ECG,"Everus Construction Group, Inc.",Industrials,S&P 600 (SmallCap),7148937216,140.0,99808800.0,NYQ,EQUITY
ECPG,"Encore Capital Group, Inc.",Financials,S&P 600 (SmallCap),2067913216,97.5,33587775.0,NMS,EQUITY
EMN,Eastman Chemical Company,Materials,S&P 600 (SmallCap),8293253632,72.54,91428690.60000001,NYQ,EQUITY
ENPH,Enphase Energy,Information Technology,S&P 600 (SmallCap),5373413888,40.77,191801649.60000002,NGM,EQUITY
ENVA,"Enova International, Inc.",Financials,S&P 600 (SmallCap),6483535872,260.4,69339312.0,NYQ,EQUITY
EPAM,EPAM Systems,Information Technology,S&P 600 (SmallCap),5173658112,100.29,206201254.5,NYQ,EQUITY
EPRT,"Essential Properties Realty Trust, Inc.",Real Estate,S&P 600 (SmallCap),6641157632,30.63,36156877.199999996,NYQ,EQUITY
ESE,ESCO Technologies Inc.,Industrials,S&P 600 (SmallCap),7783032832,300.42,62871897.6,NYQ,EQUITY
ESI,Element Solutions,Materials,S&P 600 (SmallCap),9372166144,38.46,123064308.0,NYQ,EQUITY
ETSY,Etsy,Consumer Discretionary,S&P 600 (SmallCap),7308579840,79.63,304239155.8,NYQ,EQUITY
EXTR,"Extreme Networks, Inc.",Information Technology,S&P 600 (SmallCap),3204294656,24.42,50536457.400000006,NMS,EQUITY
FA,First Advantage Corporation,Industrials,S&P 600 (SmallCap),3605110016,20.99,61377488.699999996,NMS,EQUITY
FBK,FB Financial Corp.,Financials,S&P 600 (SmallCap),3101143296,62.05,20882927.5,NYQ,EQUITY
FBNC,First Bancorp (Southern Pines NC),Financials,S&P 600 (SmallCap),2718700032,65.71,13033578.499999998,NMS,EQUITY
FBP,First BanCorp (Puerto Rico),Financials,S&P 600 (SmallCap),4459440128,29.21,41446069.0,NYQ,EQUITY
FCF,"First Commonwealth Financial, Corp.",Financials,S&P 600 (SmallCap),2184829184,21.62,20678665.2,NYQ,EQUITY
FCPT,"Four Corners Property Trust, Inc.",Real Estate,S&P 600 (SmallCap),2737145088,24.94,18306708.2,NYQ,EQUITY
FELE,Franklin Electric,Industrials,S&P 600 (SmallCap),4750080000,107.44,26450653.599999998,NMS,EQUITY
FFBC,First Financial Bancorp,Financials,S&P 600 (SmallCap),3577341696,34.08,24143635.2,NMS,EQUITY
FG,"F&G Annuities & Life, Inc.",Financials,S&P 600 (SmallCap),3482876672,26.6,14416934.0,NYQ,EQUITY
FHB,"First Hawaiian, Inc.",Financials,S&P 600 (SmallCap),3362035712,27.63,46662925.5,NMS,EQUITY
FIBK,"First Interstate BancSystem, Inc.",Financials,S&P 600 (SmallCap),3672086528,38.53,41492186.4,NMS,EQUITY
FIVN,"Five9, Inc.",Information Technology,S&P 600 (SmallCap),2331374080,31.2,156066768.0,NGM,EQUITY
FIZZ,National Beverage Corp.,Consumer Staples,S&P 600 (SmallCap),2897294592,30.95,9923189.0,NMS,EQUITY
FORM,"FormFactor, Inc.",Information Technology,S&P 600 (SmallCap),10038236160,128.77,185082408.70000002,NMS,EQUITY
FRPT,Freshpet,Consumer Staples,S&P 600 (SmallCap),3475079168,72.31,136534295.8,NGM,EQUITY
FSS,Federal Signal Corporation,Industrials,S&P 600 (SmallCap),7710166016,126.31,59906306.800000004,NYQ,EQUITY
FTDR,"Frontdoor, Inc.",Consumer Discretionary,S&P 600 (SmallCap),5891067392,85.51,54817040.6,NMS,EQUITY
FUL,H.B. Fuller Company,Materials,S&P 600 (SmallCap),3236388608,60.17,40304874.5,NYQ,EQUITY
FULT,Fulton Financial Corporation,Financials,S&P 600 (SmallCap),4671648256,24.4,41159140.0,NMS,EQUITY
GEO,"GEO Group, Inc.",Industrials,S&P 600 (SmallCap),4139436032,31.45,55405779.5,NYQ,EQUITY
GFF,Griffon Corporation,Industrials,S&P 600 (SmallCap),4750509568,104.88,43163364.0,NYQ,EQUITY
GKOS,Glaukos Corp.,Health Care,S&P 600 (SmallCap),11008172032,186.63,180443215.5,NYQ,EQUITY
GNW,"Genworth Financial, Inc.",Financials,S&P 600 (SmallCap),3786067712,10.02,28201290.0,NYQ,EQUITY
GOLF,Acushnet Company,Consumer Discretionary,S&P 600 (SmallCap),5203889152,89.1,42147864.0,NYQ,EQUITY
GPI,"Group 1 Automotive, Inc.",Consumer Discretionary,S&P 600 (SmallCap),3172623104,266.11,63046781.2,NYQ,EQUITY
GPOR,Gulfport Energy Corporation,Energy,S&P 600 (SmallCap),3046393088,169.53,68661345.3,NYQ,EQUITY
GRBK,"Green Brick Partners, Inc.",Consumer Discretionary,S&P 600 (SmallCap),3015479808,70.11,15962644.8,NYQ,EQUITY
GSHD,"Goosehead Insurance, Inc.",Financials,S&P 600 (SmallCap),2342651392,65.55,30036976.5,NMS,EQUITY
GTES,Gates Corporation,Industrials,S&P 600 (SmallCap),7045196800,27.83,65451150.599999994,NYQ,EQUITY
GTY,Getty Realty Corp.,Real Estate,S&P 600 (SmallCap),2036347264,32.88,11509972.8,NYQ,EQUITY
GVA,"Granite Construction, Inc.",Industrials,S&P 600 (SmallCap),5522643968,126.19,152441305.7,NYQ,EQUITY
HASI,"Hannon Armstrong Sustainable Infrastructure Capital, Inc.",Financials,S&P 600 (SmallCap),5374979072,41.83,43302416.0,NYQ,EQUITY
HAYW,"Hayward Holdings, Inc.",Industrials,S&P 600 (SmallCap),3245429760,15.3,41610645.0,NYQ,EQUITY
HCC,"Warrior Met Coal, Inc.",Materials,S&P 600 (SmallCap),5107018240,96.72,65568422.4,NYQ,EQUITY
HCI,"HCI Group, Inc.",Financials,S&P 600 (SmallCap),2283776000,183.6,34050456.0,NYQ,EQUITY
HE,"Hawaiian Electric Industries, Inc.",Utilities,S&P 600 (SmallCap),2060645120,11.93,26345138.3,NYQ,EQUITY
HIW,Highwoods Properties,Real Estate,S&P 600 (SmallCap),3518883840,31.33,36713433.9,NYQ,EQUITY
HMN,Horace Mann Educators Corporation,Financials,S&P 600 (SmallCap),2087424512,51.54,12801505.2,NYQ,EQUITY
HNI,HNI Corporation,Industrials,S&P 600 (SmallCap),3554232064,49.24,33633382.0,NYQ,EQUITY
HP,"Helmerich & Payne, Inc.",Energy,S&P 600 (SmallCap),4294376448,42.97,70229738.3,NYQ,EQUITY
HRMY,"Harmony Biosciences Holdings, Inc.",Health Care,S&P 600 (SmallCap),2316061440,39.77,35808510.300000004,NGM,EQUITY
HTH,Hilltop Holdings Inc.,Financials,S&P 600 (SmallCap),2254793472,39.36,8857574.4,NYQ,EQUITY
HTO,H2O America,Utilities,S&P 600 (SmallCap),2618980096,62.57,23916131.1,NMS,EQUITY
HUBG,"Hub Group, Inc.",Industrials,S&P 600 (SmallCap),2458982656,40.21,59742811.7,NMS,EQUITY
HWKN,"Hawkins, Inc.",Materials,S&P 600 (SmallCap),2702701312,129.47,21849357.2,NMS,EQUITY
IBP,"Installed Building Products, Inc.",Consumer Discretionary,S&P 600 (SmallCap),6457410560,242.95,88793366.0,NYQ,EQUITY
ICHR,"Ichor Holdings, Ltd.",Information Technology,S&P 600 (SmallCap),2591458048,69.19,78722998.2,NMS,EQUITY
ICUI,ICU Medical,Health Care,S&P 600 (SmallCap),4484762112,179.34,77320647.6,NMS,EQUITY
INDB,Independent Bank Corp.,Financials,S&P 600 (SmallCap),4042005504,85.33,27338878.7,NMS,EQUITY
INDV,Indivior,Health Care,S&P 600 (SmallCap),4570668544,38.73,124946078.39999999,NMS,EQUITY
INSW,"International Seaways, Inc.",Energy,S&P 600 (SmallCap),4575702528,92.38,50785905.0,NYQ,EQUITY
INVX,"Innovex International, Inc.",Energy,S&P 600 (SmallCap),2121841664,30.39,32661652.5,NYQ,EQUITY
IOSP,"Innospec, Inc.",Materials,S&P 600 (SmallCap),2293643264,93.12,19451836.8,NMS,EQUITY
IPAR,"Inter Parfums, Inc.",Consumer Staples,S&P 600 (SmallCap),3781604096,118.08,34756848.0,NMS,EQUITY
IRDM,Iridium Communications,Communication Services,S&P 600 (SmallCap),5260933120,49.65,54728698.5,NMS,EQUITY
ITGR,Integer Holdings Corporation,Health Care,S&P 600 (SmallCap),4247071488,125.08,347001939.2,NYQ,EQUITY
ITRI,"Itron, Inc.",Information Technology,S&P 600 (SmallCap),4492958720,102.61,78137515.0,NMS,EQUITY
IVT,InvenTrust Properties,Real Estate,S&P 600 (SmallCap),2592782848,33.25,24610652.5,NYQ,EQUITY
JBLU,JetBlue,Industrials,S&P 600 (SmallCap),2180864512,5.78,160247032.0,NMS,EQUITY
JBTM,JBT Marel Corporation,Industrials,S&P 600 (SmallCap),6148440064,118.52,84829504.8,NYQ,EQUITY
JOE,St. Joe Company,Real Estate,S&P 600 (SmallCap),3865577728,67.9,14840224.000000002,NYQ,EQUITY
JXN,"Jackson Financial, Inc.",Financials,S&P 600 (SmallCap),8849437696,130.66,84632401.8,NYQ,EQUITY
KAI,Kadant Inc.,Industrials,S&P 600 (SmallCap),3944970752,334.08,41339059.199999996,NYQ,EQUITY
KALU,Kaiser Aluminum Corporation,Materials,S&P 600 (SmallCap),3097989632,189.49,47190589.6,NMS,EQUITY
KFY,Korn/Ferry International,Industrials,S&P 600 (SmallCap),4277966080,83.3,26552708.0,NYQ,EQUITY
KGS,"Kodiak Gas Services, Inc.",Energy,S&P 600 (SmallCap),6263027712,62.06,106548331.60000001,NYQ,EQUITY
KLIC,"Kulicke and Soffa Industries, Inc.",Information Technology,S&P 600 (SmallCap),4979115520,95.15,106845838.0,NMS,EQUITY
KMT,Kennametal,Industrials,S&P 600 (SmallCap),2345746944,30.78,57464413.2,NYQ,EQUITY
KMX,"CarMax, Inc.",Consumer Discretionary,S&P 600 (SmallCap),8331600896,58.71,106926174.60000001,NYQ,EQUITY
KN,Knowles Corporation,Information Technology,S&P 600 (SmallCap),3332710912,39.02,29219736.8,NYQ,EQUITY
KNTK,"Kinetik Holdings, Inc.",Energy,S&P 600 (SmallCap),8671493120,51.25,60494475.0,NYQ,EQUITY
KRMN,Karman Holdings,Industrials,S&P 600 (SmallCap),8205161984,61.91,186590549.0,NYQ,EQUITY
KSS,Kohl's Corp.,Consumer Discretionary,S&P 600 (SmallCap),2185217792,19.27,64678598.8,NYQ,EQUITY
KTB,Kontoor Brands,Consumer Discretionary,S&P 600 (SmallCap),4510224384,81.6,63804671.99999999,NYQ,EQUITY
KWR,Quaker Chemical Corporation,Materials,S&P 600 (SmallCap),2906036736,168.88,30856064.8,NYQ,EQUITY
LAUR,"Laureate Education, Inc.",Consumer Discretionary,S&P 600 (SmallCap),5095349248,36.99,39096950.4,NMS,EQUITY
LAZ,Lazard,Financials,S&P 600 (SmallCap),4285977088,43.54,68885940.2,NYQ,EQUITY
LBRT,"Liberty Energy, Inc.",Energy,S&P 600 (SmallCap),3523302912,21.59,101574473.0,NYQ,EQUITY
LCII,LCI Industries,Consumer Discretionary,S&P 600 (SmallCap),2604978176,107.15,27810782.5,NYQ,EQUITY
LEU,Centrus Energy Corp.,Energy,S&P 600 (SmallCap),3692475904,185.06,111802148.4,NYQ,EQUITY
LFST,Lifestance Health,Health Care,S&P 600 (SmallCap),4672540160,12.23,63380385.1,NMS,EQUITY
LIF,Life360,Information Technology,S&P 600 (SmallCap),4004760320,49.15,58426079.5,NMS,EQUITY
LGND,"Ligand Pharmaceuticals, Inc.",Health Care,S&P 600 (SmallCap),5846515712,293.27,85455945.3,NGM,EQUITY
LKQ,LKQ Corporation,Consumer Discretionary,S&P 600 (SmallCap),6251681280,24.71,112896530.60000001,NMS,EQUITY
LNC,Lincoln Financial,Financials,S&P 600 (SmallCap),8442826752,44.1,105425019.0,NYQ,EQUITY
LQDA,Liquidia Corporation,Health Care,S&P 600 (SmallCap),7052405248,78.79,114098950.60000001,NCM,EQUITY
LRN,"Stride, Inc.",Consumer Discretionary,S&P 600 (SmallCap),3266188032,78.59,134447056.6,NYQ,EQUITY
LTC,"LTC Properties, Inc.",Real Estate,S&P 600 (SmallCap),2085606144,38.69,21137894.599999998,NYQ,EQUITY
LTH,"Life Time Group Holdings, Inc.",Consumer Discretionary,S&P 600 (SmallCap),9792102400,43.82,160754546.4,NYQ,EQUITY
LUMN,Lumen Technologies,Communication Services,S&P 600 (SmallCap),6480656384,6.29,103764809.1,NYQ,EQUITY
LW,Lamb Weston,Consumer Staples,S&P 600 (SmallCap),7301730304,53.11,70839711.3,NYQ,EQUITY
LXP,Lexington Realty Trust,Real Estate,S&P 600 (SmallCap),3578705920,60.7,48102929.0,NYQ,EQUITY
LYFT,"Lyft, Inc.",Industrials,S&P 600 (SmallCap),6276197376,16.58,215881216.39999998,NMS,EQUITY
MAC,Macerich,Real Estate,S&P 600 (SmallCap),7272498688,24.65,139964425.5,NYQ,EQUITY
MAN,ManpowerGroup,Industrials,S&P 600 (SmallCap),2614642944,56.22,52884467.4,NYQ,EQUITY
MARA,"MARA Holdings, Inc.",Information Technology,S&P 600 (SmallCap),3723925248,9.64,368401083.20000005,NCM,EQUITY
MATX,"Matson, Inc.",Industrials,S&P 600 (SmallCap),6412796416,214.45,67592495.5,NYQ,EQUITY
MBGL,"Mobility Global, Inc.",Industrials,S&P 600 (SmallCap),5789413888,19.62,85002472.8,NYQ,EQUITY
MBIN,Merchants Bancorp,Financials,S&P 600 (SmallCap),2519557120,54.85,9577907.0,NCM,EQUITY
MC,Moelis & Company,Financials,S&P 600 (SmallCap),4909340672,66.27,74268126.3,NYQ,EQUITY
MCRI,"Monarch Casino & Resort, Inc.",Consumer Discretionary,S&P 600 (SmallCap),2219883264,123.86,16026245.4,NMS,EQUITY
MCY,Mercury General,Financials,S&P 600 (SmallCap),5844608000,105.52,34418513.6,NYQ,EQUITY
MD,Pediatrix Medical Group,Health Care,S&P 600 (SmallCap),2153211648,26.5,24375495.0,NYQ,EQUITY
MDU,"MDU Resources Group, Inc.",Utilities,S&P 600 (SmallCap),4316370944,20.52,37678003.199999996,NYQ,EQUITY
MGEE,"MGE Energy, Inc.",Utilities,S&P 600 (SmallCap),3072595968,81.32,15337765.2,NMS,EQUITY
MGY,"Magnolia Oil & Gas, Corp.",Energy,S&P 600 (SmallCap),6392091136,26.36,107624189.6,NYQ,EQUITY
MHK,Mohawk Industries,Consumer Discretionary,S&P 600 (SmallCap),9270642688,136.86,181310759.4,NYQ,EQUITY
MHO,"M/I Homes, Inc.",Consumer Discretionary,S&P 600 (SmallCap),3819507712,151.07,34433385.1,NYQ,EQUITY
MIR,"Mirion Technologies, Inc.",Information Technology,S&P 600 (SmallCap),3787862528,15.21,68551013.7,NYQ,EQUITY
MKTX,MarketAxess,Financials,S&P 600 (SmallCap),5722364416,162.6,383900226.0,NMS,EQUITY
MMSI,"Merit Medical Systems, Inc.",Health Care,S&P 600 (SmallCap),5445590016,91.2,137521392.0,NMS,EQUITY
MRCY,Mercury Systems,Industrials,S&P 600 (SmallCap),6703232000,111.64,55108853.2,NMS,EQUITY
MRP,"Millrose Properties, Inc.",Real Estate,S&P 600 (SmallCap),4941585920,29.76,34421904.0,NYQ,EQUITY
MSGS,Madison Square Garden Sports Corp.,Communication Services,S&P 600 (SmallCap),9970398208,414.12,80703705.6,NYQ,EQUITY
MTCH,Match Group,Communication Services,S&P 600 (SmallCap),8396975616,36.58,134763280.6,NMS,EQUITY
MTH,Meritage Homes Corporation,Consumer Discretionary,S&P 600 (SmallCap),4750539776,72.89,66101025.4,NYQ,EQUITY
MTRN,Materion Corp.,Materials,S&P 600 (SmallCap),5901360640,283.26,129934194.6,NYQ,EQUITY
MTX,Minerals Technologies,Materials,S&P 600 (SmallCap),2251543296,72.33,25436291.099999998,NYQ,EQUITY
MWA,Mueller Water Products,Industrials,S&P 600 (SmallCap),4085809152,26.17,29871746.500000004,NYQ,EQUITY
MXL,"MaxLinear, Inc.",Information Technology,S&P 600 (SmallCap),6741224960,74.33,185853245.4,NMS,EQUITY
MYRG,"MYR Group, Inc.",Industrials,S&P 600 (SmallCap),5179577856,332.68,101607125.60000001,NMS,EQUITY
NATL,NCR Atleos,Financials,S&P 600 (SmallCap),3467244032,46.92,31193823.6,NYQ,EQUITY
NBTB,"NBT Bancorp, Inc.",Financials,S&P 600 (SmallCap),2777866496,53.41,17931339.299999997,NMS,EQUITY
NE,Noble Corporation,Energy,S&P 600 (SmallCap),7037029376,44.08,60062526.4,NYQ,EQUITY
NEO,"NeoGenomics Laboratories, Inc.",Health Care,S&P 600 (SmallCap),2138077312,16.42,42096775.00000001,NCM,EQUITY
NEOG,Neogen,Health Care,S&P 600 (SmallCap),2498921984,11.46,33356736.6,NMS,EQUITY
NGVT,"Ingevity, Corp.",Materials,S&P 600 (SmallCap),2619253760,76.19,21551865.3,NYQ,EQUITY
NHC,"National Healthcare, Corp.",Health Care,S&P 600 (SmallCap),3471191552,221.64,27494442.0,ASE,EQUITY
NHI,"National Health Investors, Inc.",Real Estate,S&P 600 (SmallCap),3473581056,70.73,27537310.900000002,NYQ,EQUITY
NIC,Nicolet Bankshares,Financials,S&P 600 (SmallCap),3718072320,177.41,27482583.099999998,NYQ,EQUITY
NMIH,"NMI Holdings, Inc.",Financials,S&P 600 (SmallCap),3375777024,44.88,22728578.400000002,NGM,EQUITY
NOG,"Northern Oil and Gas, Inc.",Energy,S&P 600 (SmallCap),2566768384,24.09,56836741.5,NYQ,EQUITY
NPO,"EnPro Industries, Inc.",Industrials,S&P 600 (SmallCap),7225799168,341.36,73453844.8,NYQ,EQUITY
NSIT,"Insight Enterprises, Inc.",Industrials,S&P 600 (SmallCap),4539386368,154.67,91714669.89999999,NMS,EQUITY
NTCT,"NETSCOUT Systems, Inc.",Information Technology,S&P 600 (SmallCap),2871211776,39.49,24362565.700000003,NMS,EQUITY
NTST,NETSTREIT Corp.,Real Estate,S&P 600 (SmallCap),2005221632,20.53,22928519.900000002,NYQ,EQUITY
NWBI,"Northwest Bancshares, Inc.",Financials,S&P 600 (SmallCap),2302337280,15.72,15830040.0,NMS,EQUITY
NWL,Newell Brands,Consumer Discretionary,S&P 600 (SmallCap),2623543808,6.16,87181925.60000001,NMS,EQUITY
NWN,NW Natural,Utilities,S&P 600 (SmallCap),2118988672,50.34,11884770.600000001,NYQ,EQUITY
OFG,OFG Bancorp,Financials,S&P 600 (SmallCap),2234999552,52.88,11157151.200000001,NYQ,EQUITY
OGN,Organon & Co.,Health Care,S&P 600 (SmallCap),3587244800,13.66,34251767.0,NYQ,EQUITY
OII,"Oceaneering International, Inc.",Energy,S&P 600 (SmallCap),5078002688,51.02,38507855.2,NYQ,EQUITY
OPLN,"OPENLANE, Inc.",Industrials,S&P 600 (SmallCap),4338434560,35.33,48425417.8,NYQ,EQUITY
OSIS,"OSI Systems, Inc.",Information Technology,S&P 600 (SmallCap),3816942848,231.57,36421329.6,NMS,EQUITY
OSW,OneSpaWorld Holdings Limited,Consumer Discretionary,S&P 600 (SmallCap),2699865856,26.6,30274258.0,NCM,EQUITY
OTTR,Otter Tail Corporation,Utilities,S&P 600 (SmallCap),3868551424,92.14,26013886.2,NMS,EQUITY
OUT,Outfront Media,Real Estate,S&P 600 (SmallCap),5289341440,30.03,71064493.5,NYQ,EQUITY
PARR,"Par Pacific Holdings, Inc.",Energy,S&P 600 (SmallCap),3896749056,77.78,100230419.2,NYQ,EQUITY
PAYC,Paycom,Industrials,S&P 600 (SmallCap),9522732032,211.28,265614877.6,NYQ,EQUITY
PAYO,Payoneer Global Inc.,Financials,S&P 600 (SmallCap),2412617984,7.12,47052662.4,NGM,EQUITY
PATK,"Patrick Industries, Inc.",Consumer Discretionary,S&P 600 (SmallCap),2786580736,86.76,43602973.2,NMS,EQUITY
PBH,Prestige Consumer Healthcare,Health Care,S&P 600 (SmallCap),2476143360,52.27,34097289.1,NYQ,EQUITY
PBI,"Pitney Bowes, Inc.",Industrials,S&P 600 (SmallCap),2275697408,16.6,36361968.0,NYQ,EQUITY
PDFS,"PDF Solutions, Inc.",Information Technology,S&P 600 (SmallCap),2186103040,51.77,28837960.8,NMS,EQUITY
PEB,Pebblebrook Hotel Trust,Real Estate,S&P 600 (SmallCap),2033129216,18.08,41610035.199999996,NYQ,EQUITY
PECO,Phillips Edison & Company,Real Estate,S&P 600 (SmallCap),5666625536,40.14,30738007.8,NMS,EQUITY
PENG,"Penguin Solutions, Inc.",Information Technology,S&P 600 (SmallCap),3009483776,58.73,109115641.6,NMS,EQUITY
PENN,Penn Entertainment,Consumer Discretionary,S&P 600 (SmallCap),2573849088,19.17,56275260.300000004,NMS,EQUITY
PFS,"Provident Financial Services, Inc.",Financials,S&P 600 (SmallCap),3244914688,24.88,26163808.0,NYQ,EQUITY
PHIN,"PHINIA, Inc.",Consumer Discretionary,S&P 600 (SmallCap),2711951104,74.02,34056602.0,NYQ,EQUITY
PI,"Impinj, Inc.",Information Technology,S&P 600 (SmallCap),5486961152,179.58,112761873.60000001,NMS,EQUITY
PIPR,Piper Sandler Companies,Financials,S&P 600 (SmallCap),5337019904,75.52,41442355.199999996,NYQ,EQUITY
PJT,"PJT Partners, Inc.",Financials,S&P 600 (SmallCap),7266656768,170.59,65979094.300000004,NYQ,EQUITY
PLMR,"Palomar Holdings, Inc.",Financials,S&P 600 (SmallCap),3356557568,127.54,35760940.6,NMS,EQUITY
PLUS,"ePlus, Inc.",Information Technology,S&P 600 (SmallCap),2320691456,88.74,25391176.2,NMS,EQUITY
PLXS,Plexus Corp.,Information Technology,S&P 600 (SmallCap),7248038912,271.95,89699988.0,NMS,EQUITY
POOL,Pool Corporation,Consumer Discretionary,S&P 600 (SmallCap),7246708736,199.41,136683590.4,NMS,EQUITY
POWI,Power Integrations,Information Technology,S&P 600 (SmallCap),3566951168,63.84,42416572.800000004,NMS,EQUITY
POWL,"Powell Industries, Inc.",Industrials,S&P 600 (SmallCap),7577054208,207.98,165635272.0,NMS,EQUITY
PPLI,People Inc.,Communication Services,S&P 600 (SmallCap),3022490880,40.59,51385316.400000006,NMS,EQUITY
PRIM,Primoris Services Corporation,Industrials,S&P 600 (SmallCap),4385181184,81.46,108725476.6,NYQ,EQUITY
PRK,Park National Corp.,Financials,S&P 600 (SmallCap),3715255808,205.67,18915469.9,ASE,EQUITY
PRKS,United Parks & Resorts,Consumer Discretionary,S&P 600 (SmallCap),2006806272,44.26,36111291.4,NYQ,EQUITY
PRLB,Protolabs,Industrials,S&P 600 (SmallCap),2172108288,90.8,20766868.0,NYQ,EQUITY
PRVA,"Privia Health Group, Inc.",Health Care,S&P 600 (SmallCap),2751395072,21.54,34208751.0,NMS,EQUITY
PSMT,PriceSmart,Consumer Staples,S&P 600 (SmallCap),5491012608,177.93,50501871.9,NMS,EQUITY
PTCT,"PTC Therapeutics, Inc.",Health Care,S&P 600 (SmallCap),6062592512,72.64,102078086.4,NMS,EQUITY
PTEN,"Patterson-UTI Energy, Inc.",Energy,S&P 600 (SmallCap),4183386880,11.02,101279199.8,NMS,EQUITY
PTGX,"Protagonist Therapeutics, Inc.",Health Care,S&P 600 (SmallCap),9836305408,152.01,76746808.8,NGM,EQUITY
PTON,"Peloton Interactive, Inc.",Consumer Discretionary,S&P 600 (SmallCap),2378685184,5.42,59736692.6,NMS,EQUITY
QRVO,Qorvo,Information Technology,S&P 600 (SmallCap),8666536960,98.24,121122060.8,NMS,EQUITY
QTWO,"Q2 Holdings, Inc.",Information Technology,S&P 600 (SmallCap),3900286208,62.55,62095887.0,NYQ,EQUITY
RAMP,"LiveRamp Holdings, Inc.",Information Technology,S&P 600 (SmallCap),2298658304,37.81,28895158.200000003,NYQ,EQUITY
RAL,Ralliant Corp,Information Technology,S&P 600 (SmallCap),8034677760,72.62,145104200.60000002,NYQ,EQUITY
RCUS,"Arcus Biosciences, Inc.",Health Care,S&P 600 (SmallCap),3687574528,28.96,32468793.6,NYQ,EQUITY
RDN,"Radian Group, Inc.",Financials,S&P 600 (SmallCap),4866780672,36.44,42231044.8,NYQ,EQUITY
RDNT,"RadNet, Inc.",Health Care,S&P 600 (SmallCap),6055753728,76.95,72178330.5,NGM,EQUITY
RELY,Remitly,Financials,S&P 600 (SmallCap),5101894656,24.23,89520642.60000001,NMS,EQUITY
REYN,Reynolds Consumer Products,Consumer Staples,S&P 600 (SmallCap),5528428032,26.23,31789186.2,NMS,EQUITY
REZI,"Resideo Technologies, Inc.",Industrials,S&P 600 (SmallCap),3893168896,25.71,52699175.34,NYQ,EQUITY
RHI,Robert Half,Industrials,S&P 600 (SmallCap),4250298624,41.55,71267391.0,NYQ,EQUITY
RHP,Ryman Hospitality Properties,Real Estate,S&P 600 (SmallCap),7824918528,123.99,152345273.1,NYQ,EQUITY
RITM,Rithm Capital,Financials,S&P 600 (SmallCap),5712503808,10.23,62292618.300000004,NYQ,EQUITY
RNG,"RingCentral, Inc.",Information Technology,S&P 600 (SmallCap),5250867200,62.88,126251092.80000001,NYQ,EQUITY
RNST,Renasant Corp.,Financials,S&P 600 (SmallCap),3962383360,43.35,24124275.0,NYQ,EQUITY
ROAD,"Construction Partners, Inc.",Industrials,S&P 600 (SmallCap),6897502720,121.53,116744148.6,NMS,EQUITY
ROG,Rogers Corporation,Information Technology,S&P 600 (SmallCap),2473450240,138.58,31510320.400000002,NYQ,EQUITY
RRR,"Red Rock Resorts, Inc.",Consumer Discretionary,S&P 600 (SmallCap),6434405888,63.09,59273685.900000006,NMS,EQUITY
RSI,"Rush Street Interactive, Inc.",Consumer Discretionary,S&P 600 (SmallCap),5622623232,24.28,87025104.4,NYQ,EQUITY
RUN,Sunrun,Industrials,S&P 600 (SmallCap),2369934336,9.84,103056780.0,NMS,EQUITY
RUSHA,Rush Enterprises,Industrials,S&P 600 (SmallCap),9411973120,80.63,40961652.599999994,NMS,EQUITY
RXO,"RXO, Inc.",Industrials,S&P 600 (SmallCap),3745472256,22.71,54283031.7,NYQ,EQUITY
SAH,"Sonic Automotive, Inc.",Consumer Discretionary,S&P 600 (SmallCap),2561431040,81.02,29655750.599999998,NYQ,EQUITY
SBCF,Seacoast Banking Corporation of Florida,Financials,S&P 600 (SmallCap),3443994112,35.57,34299795.3,NMS,EQUITY
SEI,"Solaris Energy Infrastructure, Inc.",Energy,S&P 600 (SmallCap),6218708992,61.8,204124782.0,NYQ,EQUITY
SEZL,Sezzle,Financials,S&P 600 (SmallCap),4224194048,125.44,140308403.2,NCM,EQUITY
SFBS,"ServisFirst Bancshares, Inc.",Financials,S&P 600 (SmallCap),4945128448,90.45,18637222.5,NYQ,EQUITY
SFNC,Simmons First National Corporation,Financials,S&P 600 (SmallCap),3445208832,23.84,30200273.6,NMS,EQUITY
SHAK,"Shake Shack, Inc.",Consumer Discretionary,S&P 600 (SmallCap),3121244928,72.86,181223949.4,NYQ,EQUITY
SHO,"Sunstone Hotel Investors, Inc.",Real Estate,S&P 600 (SmallCap),2008194560,10.8,29244240.000000004,NYQ,EQUITY
SHOO,"Steven Madden, Ltd.",Consumer Discretionary,S&P 600 (SmallCap),3490547456,47.7,61837326.0,NMS,EQUITY
SIG,Signet Jewelers,Consumer Discretionary,S&P 600 (SmallCap),3639184896,92.53,53314860.7,NYQ,EQUITY
SKT,"Tanger Factory Outlet Centers, Inc.",Real Estate,S&P 600 (SmallCap),4599851008,38.48,43698657.599999994,NYQ,EQUITY
SKY,"Champion Homes, Inc.",Consumer Discretionary,S&P 600 (SmallCap),5095819264,93.88,73396322.8,NYQ,EQUITY
SKYW,"SkyWest, Inc.",Industrials,S&P 600 (SmallCap),4252771840,107.23,38257519.4,NMS,EQUITY
SLG,SL Green Realty,Real Estate,S&P 600 (SmallCap),4330541056,56.44,47070395.6,NYQ,EQUITY
SM,SM Energy Company,Energy,S&P 600 (SmallCap),7711228416,32.42,130568632.2,NYQ,EQUITY
SNDR,Schneider National,Industrials,S&P 600 (SmallCap),6265254400,35.74,28212441.200000003,NYQ,EQUITY
SNEX,StoneX Group Inc.,Financials,S&P 600 (SmallCap),8370801664,69.4,78719032.0,NMS,EQUITY
SPHR,Sphere Entertainment,Communication Services,S&P 600 (SmallCap),6288113664,175.09,154900372.1,NYQ,EQUITY
SPNT,SiriusPoint Ltd.,Financials,S&P 600 (SmallCap),2660178944,22.9,15965650.999999998,NYQ,EQUITY
SPSC,"SPS Commerce, Inc.",Information Technology,S&P 600 (SmallCap),2750773504,76.41,54706503.599999994,NMS,EQUITY
STEP,StepStone Group,Financials,S&P 600 (SmallCap),6208936960,48.1,87206262.0,NMS,EQUITY
SUPN,"Supernus Pharmaceuticals, Inc.",Health Care,S&P 600 (SmallCap),2782540032,47.87,72046264.8,NGM,EQUITY
SXI,Standex International Corporation,Industrials,S&P 600 (SmallCap),4004345088,330.53,47735142.599999994,NYQ,EQUITY
SXT,Sensient Technologies,Materials,S&P 600 (SmallCap),5548012544,130.33,36712657.7,NYQ,EQUITY
TALO,"Talos Energy, Inc.",Energy,S&P 600 (SmallCap),2587964928,15.5,35674180.0,NYQ,EQUITY
TBBK,"The Bancorp, Inc.",Financials,S&P 600 (SmallCap),2834683136,69.5,33254360.0,NMS,EQUITY
TDC,Teradata,Information Technology,S&P 600 (SmallCap),2486820096,26.74,102456181.8,NYQ,EQUITY
TDS,"Telephone and Data Systems, Inc.",Communication Services,S&P 600 (SmallCap),3818397440,33.17,49380842.400000006,NYQ,EQUITY
TDW,"Tidewater, Inc.",Energy,S&P 600 (SmallCap),4558168576,91.61,71042638.9,NYQ,EQUITY
TFX,Teleflex,Health Care,S&P 600 (SmallCap),5776205312,136.32,95278137.6,NYQ,EQUITY
TGTX,"TG Therapeutics, Inc.",Health Care,S&P 600 (SmallCap),7576918016,49.5,129065310.0,NCM,EQUITY
TILE,"Interface, Inc.",Industrials,S&P 600 (SmallCap),2227051776,38.53,19972796.1,NMS,EQUITY
TMDX,"TransMedics Group, Inc.",Health Care,S&P 600 (SmallCap),3007490560,87.02,107254760.6,NGM,EQUITY
TPC,Tutor Perini Corporation,Industrials,S&P 600 (SmallCap),5053995008,96.14,63493740.2,NYQ,EQUITY
TR,"Tootsie Roll Industries, Inc.",Consumer Staples,S&P 600 (SmallCap),3046358528,40.53,5112859.5,NYQ,EQUITY
TRMK,Trustmark Corp.,Financials,S&P 600 (SmallCap),2794355968,48.12,16304980.799999999,NMS,EQUITY
TRN,"Trinity Industries, Inc.",Industrials,S&P 600 (SmallCap),2300854784,28.88,27104168.8,NYQ,EQUITY
TRNO,Terreno Realty Corporation,Real Estate,S&P 600 (SmallCap),7484081152,68.68,46992229.6,NYQ,EQUITY
UA,Under Armour (Class C),Consumer Discretionary,S&P 600 (SmallCap),2199273216,5.12,17148779.52,NYQ,EQUITY
UAA,Under Armour (Class A),Consumer Discretionary,S&P 600 (SmallCap),2259409664,5.26,53874498.0,NYQ,EQUITY
UCB,"United Community Banks, Inc.",Financials,S&P 600 (SmallCap),4388948480,36.4,29768648.0,NYQ,EQUITY
UCTT,"Ultra Clean Holdings, Inc.",Information Technology,S&P 600 (SmallCap),4063690240,90.65,128584305.50000001,NMS,EQUITY
UE,Urban Edge Properties,Real Estate,S&P 600 (SmallCap),3002956288,21.81,18757908.599999998,NYQ,EQUITY
UFPT,"UFP Technologies, Inc.",Health Care,S&P 600 (SmallCap),2497707264,322.46,72027890.19999999,NCM,EQUITY
UNF,UniFirst Corporation,Industrials,S&P 600 (SmallCap),5244952576,290.03,37570486.199999996,NYQ,EQUITY
UNFI,United Natural Foods Inc,Consumer Staples,S&P 600 (SmallCap),2898866944,47.9,22902906.0,NYQ,EQUITY
UNIT,Uniti Group,Communication Services,S&P 600 (SmallCap),2308316160,9.51,26449972.8,NMS,EQUITY
URBN,"Urban Outfitters, Inc.",Consumer Discretionary,S&P 600 (SmallCap),6634149888,77.47,64933029.9,NMS,EQUITY
USLM,"United States Lime & Minerals, Inc.",Materials,S&P 600 (SmallCap),3422521856,119.3,20158121.0,NMS,EQUITY
VAC,Marriott Vacations Worldwide,Consumer Discretionary,S&P 600 (SmallCap),4104393472,119.33,76266189.6,NYQ,EQUITY
VCEL,Vericel,Health Care,S&P 600 (SmallCap),2290471936,44.73,21680631.0,NGM,EQUITY
VCTR,"Victory Capital Holdings, Inc.",Financials,S&P 600 (SmallCap),7149257728,116.23,80830991.2,NMS,EQUITY
VCYT,"Veracyte, Inc.",Health Care,S&P 600 (SmallCap),3591857664,44.68,74658046.0,NGM,EQUITY
VECO,Veeco Instruments Inc.,Information Technology,S&P 600 (SmallCap),3255764480,53.26,50759975.6,NMS,EQUITY
VGNT,Versigent PLC,Consumer Discretionary,S&P 600 (SmallCap),3218045952,45.43,47830521.2,NYQ,EQUITY
VIRT,"Virtu Financial, Inc.",Financials,S&P 600 (SmallCap),5041085952,57.09,60477149.7,NYQ,EQUITY
VSAT,"Viasat, Inc.",Information Technology,S&P 600 (SmallCap),12016439296,87.23,210665683.8,NMS,EQUITY
VSEC,VSE Corporation,Industrials,S&P 600 (SmallCap),6808562176,242.6,111251508.0,NMS,EQUITY
VSH,Vishay Intertechnology,Information Technology,S&P 600 (SmallCap),5145870848,33.55,181990632.99999997,NYQ,EQUITY
VSNT,"Versant Media Group, Inc.",Communication Services,S&P 600 (SmallCap),5270370816,37.87,81175859.8,NMS,EQUITY
VSXY,Victoria's Secret,Consumer Discretionary,S&P 600 (SmallCap),7394319360,93.02,142824768.4,NYQ,EQUITY
VVX,"V2X, Inc.",Industrials,S&P 600 (SmallCap),2554019840,81.48,66737823.6,NYQ,EQUITY
WAFD,"WaFd, Inc.",Financials,S&P 600 (SmallCap),2792508160,37.76,22174182.4,NMS,EQUITY
WAY,Waystar Holding Corp,Health Care,S&P 600 (SmallCap),4705506304,24.54,92611751.39999999,NMS,EQUITY
WDFC,WD-40 Company,Consumer Staples,S&P 600 (SmallCap),3120404736,232.5,25623825.0,NMS,EQUITY
WERN,Werner Enterprises,Industrials,S&P 600 (SmallCap),2269111808,37.85,43780716.5,NMS,EQUITY
WHD,"Cactus, Inc.",Energy,S&P 600 (SmallCap),5804989952,72.4,76890972.0,NYQ,EQUITY
WLY,John Wiley & Sons,Communication Services,S&P 600 (SmallCap),2534972160,49.94,20189044.04,NYQ,EQUITY
WOR,Worthington Enterprises,Industrials,S&P 600 (SmallCap),2784368384,56.9,10116820.0,NYQ,EQUITY
WRBY,Warby Parker,Consumer Discretionary,S&P 600 (SmallCap),3129755904,25.32,78780141.6,NYQ,EQUITY
WSBC,WesBanco,Financials,S&P 600 (SmallCap),4065450496,42.39,32744155.5,NMS,EQUITY
WSC,WillScot Holdings Corp.,Industrials,S&P 600 (SmallCap),3995260416,22.05,71183353.5,NCM,EQUITY
WSFS,WSFS Financial Corporation,Financials,S&P 600 (SmallCap),4145491456,81.14,29225005.2,NMS,EQUITY
WT,"WisdomTree Investments, Inc.",Financials,S&P 600 (SmallCap),3443870208,22.73,71267642.0,NYQ,EQUITY
WU,Western Union,Financials,S&P 600 (SmallCap),2226815744,7.14,129294690.0,NYQ,EQUITY
YOU,"Clear Secure, Inc.",Information Technology,S&P 600 (SmallCap),6267977728,46.16,91824703.19999999,NYQ,EQUITY
ZWS,Zurn Elkay Water Solutions Corp.,Industrials,S&P 600 (SmallCap),8462386176,51.02,47218499.800000004,NYQ,EQUITY
