ticker,name,sector,index,market_cap,price,avg_dollar_volume,exchange,quote_type,profit_margin,free_cash_flow,roe,revenue_growth,current_ratio,exclusion_reasons
AOS,A. O. Smith,Industrials,S&P 500,8506518016,62.59,114860786.7,NYQ,EQUITY,0.13149,484612512.0,0.27133,-0.007,1.594,revenue_growth=-0.007
ABBV,AbbVie,Health Care,S&P 500,439588093952,248.76,1400401882.8,NYQ,EQUITY,0.098000005,16870250496.0,,0.102,0.809,roe=None; current_ratio=0.809
ADBE,Adobe Inc.,Information Technology,S&P 500,102853124096,258.75,1230715912.5,NMS,EQUITY,0.28689,9218374656.0,0.62953997,0.127,0.751,current_ratio=0.751
AES,AES Corporation,Utilities,S&P 500,10490549248,14.71,113303333.7,NYQ,EQUITY,0.1434,-3089125120.0,0.095740005,0.199,0.746,free_cash_flow=-3089125120; roe=0.095740005; current_ratio=0.746
AFL,Aflac,Financials,S&P 500,60527177728,120.73,259954628.7,NYQ,EQUITY,0.26908,5152249856.0,0.16908,-0.01,0.892,revenue_growth=-0.01; current_ratio=0.892
APD,Air Products,Materials,S&P 500,67711991808,304.07,314827996.6,NYQ,EQUITY,-0.00375,-3762062592.0,0.00023,0.046,1.085,profit_margin=-0.00375; free_cash_flow=-3762062592; roe=0.00023
AKAM,Akamai Technologies,Information Technology,S&P 500,17645524992,122.78,519920504.6,NMS,EQUITY,0.09507,710060096.0,0.08918,0.054,1.637,roe=0.08918
ALB,Albemarle Corporation,Materials,S&P 500,15144768512,128.34,328880233.8,NYQ,EQUITY,0.03795,1334340224.0,0.02648,0.311,2.086,roe=0.02648
ARE,Alexandria Real Estate Equities,Real Estate,S&P 500,8270899200,48.06,98349984.0,NYQ,EQUITY,-0.36078998,1344973952.0,-0.040760003,-0.119,2.35,profit_margin=-0.36078998; roe=-0.040760003; revenue_growth=-0.119
LNT,Alliant Energy,Utilities,S&P 500,18212157440,70.24,218474496.0,NMS,EQUITY,0.18447,-1138625024.0,0.11135,0.01,0.466,free_cash_flow=-1138625024; current_ratio=0.466
ALL,Allstate,Financials,S&P 500,64691179520,255.84,499154073.6,NYQ,EQUITY,0.18971,15158625280.0,0.46113998,0.118,0.363,current_ratio=0.363
MO,Altria,Consumer Staples,S&P 500,107498102784,64.38,725916046.1999999,NYQ,EQUITY,0.38999,9035249664.0,,0.012,0.518,roe=None; current_ratio=0.518
AMCR,Amcor,Materials,S&P 500,21526816768,46.56,194363788.8,NYQ,EQUITY,0.04705,6607875072.0,0.09396,0.259,0.737,roe=0.09396; current_ratio=0.737
AEE,Ameren,Utilities,S&P 500,30126084096,108.82,196762883.0,NYQ,EQUITY,0.18583,-1786249984.0,0.11943,-0.062,0.531,free_cash_flow=-1786249984; revenue_growth=-0.062; current_ratio=0.531
AEP,American Electric Power,Utilities,S&P 500,67859132416,124.65,557431060.5,NMS,EQUITY,0.13781999,-5995950080.0,0.10130999,0.07,0.504,free_cash_flow=-5995950080; current_ratio=0.504
AXP,American Express,Financials,S&P 500,232360591360,344.08,812169872.8,NYQ,EQUITY,0.16141,,0.34377,0.128,1.553,free_cash_flow=None
AIG,American International Group,Financials,S&P 500,39813087232,76.14,260560216.8,NYQ,EQUITY,0.11089,7365000192.0,0.0722,0.005,0.612,roe=0.0722; current_ratio=0.612
AMT,American Tower,Real Estate,S&P 500,79413567488,170.43,484527377.1,NYQ,EQUITY,0.31083,2920012544.0,0.33914003,0.047,0.352,current_ratio=0.352
AWK,American Water Works,Utilities,S&P 500,26812514304,134.92,333951285.6,NYQ,EQUITY,0.21347,-1785374976.0,0.10095,0.062,0.523,free_cash_flow=-1785374976; current_ratio=0.523
ADI,Analog Devices,Information Technology,S&P 500,187250868224,384.43,1380280537.8,NMS,EQUITY,0.26007998,3868954624.0,0.09639,0.372,1.752,roe=0.09639
APA,APA Corporation,Energy,S&P 500,14003550208,39.97,254594510.8,NMS,EQUITY,0.19564,2146749952.0,0.26659,0.092,0.946,current_ratio=0.946
APO,Apollo Global Management,Financials,S&P 500,81855184896,138.61,612521748.3000001,NYQ,EQUITY,0.052670002,,0.11412,0.638,1.948,free_cash_flow=None
APTV,Aptiv,Consumer Discretionary,S&P 500,10259362816,48.48,291315835.2,NYQ,EQUITY,0.010720001,1615874944.0,0.05158,0.023,2.018,roe=0.05158
ACGL,Arch Capital Group,Financials,S&P 500,33175889920,97.29,164746021.5,NMS,EQUITY,0.24396999,4302125056.0,0.19936001,-0.105,0.589,revenue_growth=-0.105; current_ratio=0.589
ADM,Archer Daniels Midland,Consumer Staples,S&P 500,38426394624,79.73,369991848.8,NYQ,EQUITY,0.021559998,1164625024.0,0.07642,0.072,1.389,roe=0.07642
ARES,Ares Management,Financials,S&P 500,46953668608,142.35,377106502.5,NYQ,EQUITY,0.10628,2159716096.0,0.14941,0.058,0.544,current_ratio=0.544
AJG,Arthur J. Gallagher & Co.,Financials,S&P 500,65484869632,255.46,368897013.0,NYQ,EQUITY,0.10378,2082300032.0,0.06722,0.309,1.053,roe=0.06722
AIZ,Assurant,Financials,S&P 500,13865896960,281.12,127487920.0,NYQ,EQUITY,0.07903,2149574912.0,0.18341999,0.094,0.382,current_ratio=0.382
T,AT&T,Communication Services,S&P 500,166170361856,24.25,1156068310.0,NYQ,EQUITY,0.16943,10142000128.0,0.18339,0.023,0.971,current_ratio=0.971
ATO,Atmos Energy,Utilities,S&P 500,28658769920,169.59,182405916.3,NYQ,EQUITY,0.28496,-2220956928.0,0.09792,0.048,0.814,free_cash_flow=-2220956928; roe=0.09792; current_ratio=0.814
ADSK,Autodesk,Information Technology,S&P 500,52682850304,249.51,457958139.3,NMS,EQUITY,0.19488001,3060999936.0,0.50396,0.184,0.835,current_ratio=0.835
AZO,AutoZone,Consumer Discretionary,S&P 500,49724911616,3045.87,461571139.8,NYQ,EQUITY,0.12399,903784256.0,,0.084,0.89,roe=None; current_ratio=0.89
AVB,AvalonBay Communities,Real Estate,S&P 500,25673646080,179.79,162673992.0,NYQ,EQUITY,0.33321998,1409144064.0,0.08487,0.023,0.338,roe=0.08487; current_ratio=0.338
AXON,Axon Enterprise,Industrials,S&P 500,48724578304,599.78,712448673.0,NMS,EQUITY,0.06191,222160000.0,0.06221,0.353,2.149,roe=0.06221
BKR,Baker Hughes,Energy,S&P 500,63809085440,64.28,419143525.2,NMS,EQUITY,0.111669995,4415000064.0,0.16463,-0.024,2.095,revenue_growth=-0.024
BAC,Bank of America,Financials,S&P 500,453200019456,64.81,1655421738.9,NYQ,EQUITY,0.29524,,0.111990005,0.168,,free_cash_flow=None; current_ratio=None
BAX,Baxter International,Health Care,S&P 500,13933042688,26.95,268919766.5,NYQ,EQUITY,-0.09268,1000374976.0,-0.14371,0.053,1.946,profit_margin=-0.09268; roe=-0.14371
BDX,Becton Dickinson,Health Care,S&P 500,50004770816,183.58,374840987.2000001,NYQ,EQUITY,0.0419,4478374912.0,0.06607,0.054,0.865,roe=0.06607; current_ratio=0.865
TECH,Bio-Techne,Health Care,S&P 500,11254204416,72.23,253118478.2,NMS,EQUITY,0.14968,224372368.0,0.09032,0.013,4.547,roe=0.09032
BIIB,Biogen,Health Care,S&P 500,30861377536,208.87,190911357.4,NMS,EQUITY,0.083229996,1266987520.0,0.04575,0.034,1.865,roe=0.04575
BX,Blackstone Inc.,Financials,S&P 500,175003549696,146.41,739090856.9,NYQ,EQUITY,0.22728,,0.31374002,0.286,0.872,free_cash_flow=None; current_ratio=0.872
XYZ,"Block, Inc.",Financials,S&P 500,47030231040,78.28,435675168.0,NYQ,EQUITY,0.01426,-27105876.0,0.01612,0.093,2.209,free_cash_flow=-27105876; roe=0.01612
BNY,BNY Mellon,Financials,S&P 500,110548672512,162.93,414953382.6,NYQ,EQUITY,0.29413998,,0.14124,0.131,,free_cash_flow=None; current_ratio=None
BKNG,Booking Holdings,Consumer Discretionary,S&P 500,164475699200,212.26,1391406752.0,NMS,EQUITY,0.25527,7725875200.0,,0.081,1.094,roe=None
BLDR,Builders FirstSource,Industrials,S&P 500,7791059968,72.41,176093879.0,NYQ,EQUITY,0.0070999996,464577120.0,0.02506,-0.088,1.789,roe=0.02506; revenue_growth=-0.088
BG,Bunge Global,Consumer Staples,S&P 500,21469310976,111.75,173380125.0,NYQ,EQUITY,0.01097,-6475375104.0,0.071779996,0.883,1.567,free_cash_flow=-6475375104; roe=0.071779996
BXP,"BXP, Inc.",Real Estate,S&P 500,12290620416,67.95,88636018.5,NYQ,EQUITY,0.09304,880636864.0,0.05308,0.037,0.506,roe=0.05308; current_ratio=0.506
CPT,Camden Property Trust,Real Estate,S&P 500,10896454656,108.38,112032406.0,NYQ,EQUITY,0.20622,139679632.0,0.07885,-0.008,0.352,roe=0.07885; revenue_growth=-0.008; current_ratio=0.352
COF,Capital One,Financials,S&P 500,136466948096,222.44,698588390.8,NYQ,EQUITY,0.21867001,,0.09031,11.11,,free_cash_flow=None; roe=0.09031; current_ratio=None
CAH,Cardinal Health,Health Care,S&P 500,54459932672,234.16,494344542.4,NYQ,EQUITY,0.00674,4752500224.0,,0.058,0.883,roe=None; current_ratio=0.883
CCL,Carnival Corporation,Consumer Discretionary,S&P 500,37898190848,27.67,480549593.9,NYQ,EQUITY,0.11237001,1899374976.0,0.26689,0.053,0.334,current_ratio=0.334
CARR,Carrier Global,Industrials,S&P 500,52393013248,63.08,405256829.2,NYQ,EQUITY,0.055180002,861750016.0,0.08966,0.039,1.02,roe=0.08966
COR,Cencora,Health Care,S&P 500,59952173056,314.17,576511375.1,NYQ,EQUITY,0.00789,2043314048.0,0.96871,0.051,0.935,current_ratio=0.935
CNC,Centene Corporation,Health Care,S&P 500,33132244992,67.07,332555193.1,NYQ,EQUITY,-0.02829,9639624704.0,-0.20358999,0.046,1.145,profit_margin=-0.02829; roe=-0.20358999
CNP,CenterPoint Energy,Utilities,S&P 500,26697930752,40.53,291634425.6,NYQ,EQUITY,0.11611,-5191875072.0,0.09825,0.107,1.123,free_cash_flow=-5191875072; roe=0.09825
CRL,Charles River Laboratories,Health Care,S&P 500,13575502848,284.37,292210080.9,NYQ,EQUITY,-0.05963,468856000.0,-0.07516,-0.027,1.348,profit_margin=-0.05963; roe=-0.07516; revenue_growth=-0.027
SCHW,Charles Schwab Corporation,Financials,S&P 500,189085564928,109.34,775028161.6,NYQ,EQUITY,0.38793,,0.20273,0.209,0.655,free_cash_flow=None; current_ratio=0.655
CHTR,Charter Communications,Communication Services,S&P 500,20246274048,150.22,341383963.2,NMS,EQUITY,0.09052,2198374912.0,0.27201998,-0.017,0.361,revenue_growth=-0.017; current_ratio=0.361
CMG,Chipotle Mexican Grill,Consumer Discretionary,S&P 500,41303240704,32.64,743878329.6,NYQ,EQUITY,0.114250004,1116464384.0,0.49560001,0.093,0.715,current_ratio=0.715
CB,Chubb Limited,Financials,S&P 500,132456660992,343.33,483188908.8,NYQ,EQUITY,0.18070999,10488000512.0,0.14822,0.061,0.41,current_ratio=0.41
CI,Cigna,Health Care,S&P 500,73302949888,277.41,658499213.4000001,NYQ,EQUITY,0.022720002,7980125184.0,0.16758,0.067,0.846,current_ratio=0.846
CSCO,Cisco,Information Technology,S&P 500,488264925184,123.88,2607392792.4,NMS,EQUITY,0.20951,11568000000.0,0.27319,0.176,0.931,current_ratio=0.931
C,Citigroup,Financials,S&P 500,230781763584,137.58,1232503551.0,NYQ,EQUITY,0.21832001,,0.08529,0.155,,free_cash_flow=None; roe=0.08529; current_ratio=None
CFG,Citizens Financial Group,Financials,S&P 500,31129178112,73.91,234234093.8,NYQ,EQUITY,0.26051,,0.08270001,0.147,,free_cash_flow=None; roe=0.08270001; current_ratio=None
CLX,Clorox,Consumer Staples,S&P 500,12789663744,105.76,319215408.0,NYQ,EQUITY,0.087349996,110375000.0,1.6376,-0.02,0.658,revenue_growth=-0.02; current_ratio=0.658
CMS,CMS Energy,Utilities,S&P 500,21630550016,70.02,285890959.8,NYQ,EQUITY,0.11642,-2198874880.0,0.09158,-0.005,0.936,free_cash_flow=-2198874880; roe=0.09158; revenue_growth=-0.005; current_ratio=0.936
COHR,Coherent Corp.,Information Technology,S&P 500,69577170944,355.64,2773839074.8,NYQ,EQUITY,0.07102,-197631744.0,0.04718,0.205,3.05,free_cash_flow=-197631744; roe=0.04718
COIN,Coinbase,Financials,S&P 500,39322255360,149.04,1268132176.8,NMS,EQUITY,-0.16344,2668452864.0,-0.07847,-0.173,2.423,profit_margin=-0.16344; roe=-0.07847; revenue_growth=-0.173
CMCSA,Comcast,Communication Services,S&P 500,90383769600,25.47,676415195.1,NMS,EQUITY,0.08966,12697624576.0,0.114879996,-0.012,0.796,revenue_growth=-0.012; current_ratio=0.796
ED,Consolidated Edison,Utilities,S&P 500,39860129792,107.78,258031786.8,NYQ,EQUITY,0.12533,-844875008.0,0.08962,0.132,1.268,free_cash_flow=-844875008; roe=0.08962
STZ,Constellation Brands,Consumer Staples,S&P 500,22880952320,133.96,219162578.8,NYQ,EQUITY,0.20143999,2210487552.0,0.2369,-0.033,0.913,revenue_growth=-0.033; current_ratio=0.913
CEG,Constellation Energy,Utilities,S&P 500,98738380800,278.68,820941117.6,NMS,EQUITY,0.110810004,-6625124864.0,0.15055001,0.23,1.455,free_cash_flow=-6625124864
COO,Cooper Companies (The),Health Care,S&P 500,14964700160,76.73,159016019.3,NMS,EQUITY,0.05573,424275008.0,0.02853,0.079,1.274,roe=0.02853
CPAY,Corpay,Financials,S&P 500,26899425280,409.68,262895752.8,NYQ,EQUITY,0.22723,1946175872.0,0.29215,0.215,0.972,current_ratio=0.972
CTVA,Corteva,Materials,S&P 500,50393317376,75.53,461362164.9,NYQ,EQUITY,0.056649998,2417250048.0,0.04256,-0.012,1.516,roe=0.04256; revenue_growth=-0.012
CSGP,CoStar Group,Real Estate,S&P 500,12358526976,30.5,205347655.0,NMS,EQUITY,0.02081,412700000.0,0.00894,0.184,2.214,roe=0.00894
CRWD,CrowdStrike,Information Technology,S&P 500,225829535744,221.78,1708985670.6,NMS,EQUITY,-0.00598,1926365056.0,-0.0024899999,0.256,1.531,profit_margin=-0.00598; roe=-0.0024899999
CCI,Crown Castle,Real Estate,S&P 500,31470938112,73.97,313730440.4,NYQ,EQUITY,0.20716,1036249984.0,,-0.049,0.522,roe=None; revenue_growth=-0.049; current_ratio=0.522
CSX,CSX Corporation,Industrials,S&P 500,92771942400,50.08,575773766.4,NMS,EQUITY,0.22208999,1953250048.0,0.24357,0.101,0.82,current_ratio=0.82
CVS,CVS Health,Health Care,S&P 500,121144074240,94.72,870682342.4,NYQ,EQUITY,0.011849999,8076000256.0,0.06205,0.071,0.866,roe=0.06205; current_ratio=0.866
DHR,Danaher Corporation,Health Care,S&P 500,144667492352,205.79,788535832.5,NYQ,EQUITY,0.15948,4325125120.0,0.07605,0.055,1.651,roe=0.07605
DRI,Darden Restaurants,Consumer Discretionary,S&P 500,25851187200,227.68,267032211.2,NYQ,EQUITY,0.09134,790974976.0,0.53718,0.137,0.314,current_ratio=0.314
DDOG,Datadog,Information Technology,S&P 500,86504759296,240.91,1642673744.2,NMS,EQUITY,0.044770002,1051412352.0,0.04696,0.356,3.205,roe=0.04696
DE,Deere & Company,Industrials,S&P 500,167404404736,619.77,597669001.8,NYQ,EQUITY,0.10104,1098749952.0,0.18349001,-0.111,2.213,revenue_growth=-0.111
DELL,Dell Technologies,Information Technology,S&P 500,313056002048,484.5,2798379945.0,NYQ,EQUITY,0.062750004,5434124800.0,,0.875,0.946,roe=None; current_ratio=0.946
DAL,Delta Air Lines,Industrials,S&P 500,59140038656,89.93,401580616.4,NYQ,EQUITY,0.05784,2817374976.0,0.20125,0.187,0.424,current_ratio=0.424
DVN,Devon Energy,Energy,S&P 500,49345998848,44.86,467871407.4,NYQ,EQUITY,0.17464,782625024.0,0.11522,0.642,0.717,current_ratio=0.717
FANG,Diamondback Energy,Energy,S&P 500,56498966528,200.84,382803048.4,NMS,EQUITY,0.09029,5035500032.0,0.034930002,0.525,0.467,roe=0.034930002; current_ratio=0.467
DLR,Digital Realty,Real Estate,S&P 500,74232733696,197.06,432659024.2,NYQ,EQUITY,0.11825,3768482048.0,0.02912,0.299,0.89,roe=0.02912; current_ratio=0.89
D,Dominion Energy,Utilities,S&P 500,59842945024,68.04,255516735.6,NYQ,EQUITY,0.13984999,-9181124608.0,0.08281,0.176,0.809,free_cash_flow=-9181124608; roe=0.08281; current_ratio=0.809
DPZ,Domino's,Consumer Discretionary,S&P 500,11701671936,353.72,260854351.2,NMS,EQUITY,0.118640006,531496512.0,,0.043,1.538,roe=None
DASH,DoorDash,Consumer Discretionary,S&P 500,92070993920,212.49,1019554643.7,NMS,EQUITY,0.05292,5147500032.0,0.088870004,0.356,1.368,roe=0.088870004
DOW,Dow Inc.,Materials,S&P 500,22081955840,30.57,266042150.4,NYQ,EQUITY,-0.03129,237624992.0,-0.0554,0.197,1.749,profit_margin=-0.03129; roe=-0.0554
DTE,DTE Energy,Utilities,S&P 500,28857651200,138.68,195408440.8,NYQ,EQUITY,0.07999,-2596624896.0,0.1103,-0.015,0.802,free_cash_flow=-2596624896; revenue_growth=-0.015; current_ratio=0.802
DUK,Duke Energy,Utilities,S&P 500,96285425664,123.49,719339129.1999999,NYQ,EQUITY,0.15995,-4477374976.0,0.098570004,0.011,0.661,free_cash_flow=-4477374976; roe=0.098570004; current_ratio=0.661
DD,DuPont,Industrials,S&P 500,19492751360,144.37,335198266.0,NYQ,EQUITY,0.00787,1835250048.0,0.01792,0.04,2.427,roe=0.01792
ECHO,EchoStar,Communication Services,S&P 500,26870390784,92.5,472983950.0,NMS,EQUITY,-0.38712,-18870501376.0,-0.33428,-0.04,5.201,profit_margin=-0.38712; free_cash_flow=-18870501376; roe=-0.33428; revenue_growth=-0.04
EIX,Edison International,Utilities,S&P 500,26706092032,69.4,287511014.0,NYQ,EQUITY,0.19281,82375000.0,0.19734,-0.041,0.662,revenue_growth=-0.041; current_ratio=0.662
EW,Edwards Lifesciences,Health Care,S&P 500,53578190848,93.05,324333219.0,NYQ,EQUITY,0.15431,1232412544.0,0.09175,0.136,4.522,roe=0.09175
EMR,Emerson Electric,Industrials,S&P 500,91744378880,163.8,587532582.0,NYQ,EQUITY,0.13828,3706249984.0,0.128,0.07,0.896,current_ratio=0.896
ETR,Entergy,Utilities,S&P 500,50326204416,107.85,276937230.0,NYQ,EQUITY,0.13329001,-4400858112.0,0.10248999,0.059,0.912,free_cash_flow=-4400858112; current_ratio=0.912
EQT,EQT Corporation,Energy,S&P 500,33815398400,54.06,306366129.0,NYQ,EQUITY,0.29176,2460903936.0,0.11078,-0.039,0.673,revenue_growth=-0.039; current_ratio=0.673
EFX,Equifax,Industrials,S&P 500,21201326080,180.46,214962147.4,NYQ,EQUITY,0.10729,947537472.0,0.14275,0.106,0.602,current_ratio=0.602
EQR,Equity Residential,Real Estate,S&P 500,24903776256,64.42,185936734.4,NYQ,EQUITY,0.27974,1423153408.0,0.080240004,0.021,0.127,roe=0.080240004; current_ratio=0.127
ESS,Essex Property Trust,Real Estate,S&P 500,19386869760,281.27,121564894.0,NYQ,EQUITY,0.20893,1043926720.0,0.0771,0.031,0.249,roe=0.0771; current_ratio=0.249
EL,Estée Lauder Companies (The),Consumer Staples,S&P 500,31722178560,87.68,215035200.00000003,NYQ,EQUITY,-0.01672,1807624960.0,-0.05949,0.046,1.268,profit_margin=-0.01672; roe=-0.05949
EG,Everest Group,Financials,S&P 500,13944102912,363.67,129299231.8,NYQ,EQUITY,0.11376,2064625024.0,0.12572,-0.113,0.388,revenue_growth=-0.113; current_ratio=0.388
EVRG,Evergy,Utilities,S&P 500,19210856448,83.32,169030450.79999998,NMS,EQUITY,0.15192,-1443362560.0,0.092539996,0.044,0.359,free_cash_flow=-1443362560; roe=0.092539996; current_ratio=0.359
ES,Eversource Energy,Utilities,S&P 500,26908526592,71.55,192889498.5,NYQ,EQUITY,0.10354,811961344.0,0.09016,0.023,0.8,roe=0.09016; current_ratio=0.8
EXC,Exelon,Utilities,S&P 500,46588084224,45.22,374704225.0,NMS,EQUITY,0.10989001,-2685125120.0,0.09711,0.099,1.088,free_cash_flow=-2685125120; roe=0.09711
EXE,Expand Energy,Energy,S&P 500,23032952832,96.28,265222516.0,NMS,EQUITY,0.2197,1466249984.0,0.14893,-0.106,0.959,revenue_growth=-0.106; current_ratio=0.959
EXPE,Expedia Group,Consumer Discretionary,S&P 500,39074697216,325.57,604811389.0,NMS,EQUITY,0.12968001,3434374912.0,0.89489,0.14,0.801,current_ratio=0.801
EXR,Extra Space Storage,Real Estate,S&P 500,32390303744,146.76,167649818.39999998,NYQ,EQUITY,0.2728,1499437568.0,0.06953,0.038,0.886,roe=0.06953; current_ratio=0.886
FDS,FactSet,Financials,S&P 500,9886865408,277.99,203196790.5,NYQ,EQUITY,0.2321,621161344.0,0.27032,0.064,0.683,current_ratio=0.683
FICO,Fair Isaac,Information Technology,S&P 500,22552467456,1044.21,543866336.4,NYQ,EQUITY,0.3405,774413504.0,,0.257,1.183,roe=None
FRT,Federal Realty Investment Trust,Real Estate,S&P 500,10187705344,117.21,121014636.6,NYQ,EQUITY,0.32663,456137632.0,0.12550999,0.072,0.564,current_ratio=0.564
FDXF,FedEx Freight,Industrials,S&P 500,21117941760,141.24,139615740.0,NYQ,EQUITY,0.07447,-511124992.0,0.69093,0.048,1.517,free_cash_flow=-511124992
FERG,Ferguson Enterprises,Industrials,S&P 500,47430737920,245.18,1829368889.4,NYQ,EQUITY,0.063200004,,,0.046,1.729,free_cash_flow=None; roe=None
FIS,Fidelity National Information Services,Financials,S&P 500,21667571712,41.92,334431052.8,NYQ,EQUITY,0.27648002,2653125120.0,0.22348,0.291,0.535,current_ratio=0.535
FITB,Fifth Third Bancorp,Financials,S&P 500,52590297088,58.01,299208038.7,NYQ,EQUITY,0.23239,,0.08438,0.518,,free_cash_flow=None; roe=0.08438; current_ratio=None
FSLR,First Solar,Information Technology,S&P 500,24370925568,226.77,790170994.2,NMS,EQUITY,0.32465,1598684800.0,0.18509,-0.037,2.518,revenue_growth=-0.037
FE,FirstEnergy,Utilities,S&P 500,27192047616,47.01,243420130.5,NYQ,EQUITY,0.06939,-2007124992.0,0.09491,0.088,0.541,free_cash_flow=-2007124992; roe=0.09491; current_ratio=0.541
FISV,Fiserv,Financials,S&P 500,27417892864,51.56,563158944.0,NMS,EQUITY,,,,,,profit_margin=None; free_cash_flow=None; roe=None; revenue_growth=None; current_ratio=None
F,Ford Motor Company,Consumer Discretionary,S&P 500,55148449792,13.83,639089278.8,NYQ,EQUITY,-0.03935,-7940250112.0,-0.18252,-0.038,1.089,profit_margin=-0.03935; free_cash_flow=-7940250112; roe=-0.18252; revenue_growth=-0.038
FTV,Fortive,Industrials,S&P 500,18761148416,61.54,163508703.0,NYQ,EQUITY,0.12382,939112512.0,0.07318,0.079,1.241,roe=0.07318
BEN,Franklin Resources,Financials,S&P 500,17066303488,33.59,176091544.20000002,NYQ,EQUITY,0.08717,-2990862592.0,0.07887,0.143,5.486,free_cash_flow=-2990862592; roe=0.07887
FCX,Freeport-McMoRan,Materials,S&P 500,96908001280,69.22,857390761.1999999,NYQ,EQUITY,0.113850005,2159249920.0,0.14755,-0.073,2.066,revenue_growth=-0.073
IT,Gartner,Information Technology,S&P 500,11332715520,179.46,323770964.40000004,NYQ,EQUITY,0.11996,1052553024.0,1.13581,-0.006,0.88,revenue_growth=-0.006; current_ratio=0.88
GE,GE Aerospace,Industrials,S&P 500,379052687360,365.33,1121175850.2,NYQ,EQUITY,0.17716,6594625024.0,0.48231998,0.211,0.982,current_ratio=0.982
GEV,GE Vernova,Industrials,S&P 500,276960313344,1039.9,2116352485.0,NYQ,EQUITY,0.23035,15722125312.0,0.82577,0.219,0.85,current_ratio=0.85
GEN,Gen Digital,Information Technology,S&P 500,17143531520,28.64,160724243.20000002,NMS,EQUITY,0.20732,1547124992.0,0.41944,0.063,0.466,current_ratio=0.466
GNRC,Generac,Industrials,S&P 500,13093351424,221.9,278144993.0,NYQ,EQUITY,0.05817,289056512.0,0.09491,0.106,2.045,roe=0.09491
GIS,General Mills,Consumer Staples,S&P 500,20376985600,38.18,323164683.2,NYQ,EQUITY,-0.00475,2308499968.0,-0.01028,0.022,0.682,profit_margin=-0.00475; roe=-0.01028; current_ratio=0.682
GM,General Motors,Consumer Discretionary,S&P 500,78470217728,86.76,454917384.0,NYQ,EQUITY,0.01051,21933750272.0,0.03164,0.019,1.136,roe=0.03164
GPC,Genuine Parts Company,Consumer Discretionary,S&P 500,18474586112,134.01,158167982.7,NYQ,EQUITY,0.00131,917241984.0,0.0070700003,0.06,1.159,roe=0.0070700003
GILD,Gilead Sciences,Health Care,S&P 500,168472707072,135.87,1055739791.4,NMS,EQUITY,-0.10637999,9768875008.0,-0.2068,0.102,1.265,profit_margin=-0.10637999; roe=-0.2068
GPN,Global Payments,Financials,S&P 500,23426664448,88.53,311873484.0,NYQ,EQUITY,-0.091529995,7867763200.0,0.02428,0.686,0.825,profit_margin=-0.091529995; roe=0.02428; current_ratio=0.825
GL,Globe Life,Financials,S&P 500,13813779456,177.91,110748975.0,NYQ,EQUITY,0.19577,1163503360.0,0.20944999,0.08,0.795,current_ratio=0.795
GDDY,GoDaddy,Information Technology,S&P 500,11628791808,91.82,245643291.4,NYQ,EQUITY,0.17834999,1204950016.0,4.42861,0.066,0.632,current_ratio=0.632
GS,Goldman Sachs,Financials,S&P 500,302005878784,1037.21,1912013658.2,NYQ,EQUITY,0.31039,,0.16902,0.425,1.563,free_cash_flow=None
HCA,HCA Healthcare,Health Care,S&P 500,91972567040,414.59,477164068.7,NYQ,EQUITY,0.08768,3738125056.0,,0.087,0.993,roe=None; current_ratio=0.993
DOC,Healthpeak Properties,Real Estate,S&P 500,14646850560,20.66,131837864.6,NYQ,EQUITY,0.08248,1645113088.0,0.03039,0.111,2.286,roe=0.03039
HSIC,Henry Schein,Health Care,S&P 500,10336806912,90.74,130987727.0,NMS,EQUITY,0.02963,446000000.0,0.088549994,0.067,1.319,roe=0.088549994
HPE,Hewlett Packard Enterprise,Information Technology,S&P 500,77849927680,58.79,1046996401.1,NYQ,EQUITY,0.040110003,3836000000.0,0.06315,0.4,1.088,roe=0.06315
HLT,Hilton Worldwide,Consumer Discretionary,S&P 500,72590188544,322.53,672129942.9,NYQ,EQUITY,0.31034002,1393874944.0,,0.025,0.649,roe=None; current_ratio=0.649
HONA,Honeywell Aerospace,Industrials,S&P 500,53182488576,167.8,955379368.0,NMS,EQUITY,0.10862,,,0.054,1.526,free_cash_flow=None; roe=None
HRL,Hormel Foods,Consumer Staples,S&P 500,13421431808,24.39,80124076.8,NYQ,EQUITY,0.03821,471169760.0,0.05831,-0.029,1.938,roe=0.05831; revenue_growth=-0.029
HPQ,HP Inc.,Information Technology,S&P 500,26777225216,29.28,424119921.6,NYQ,EQUITY,0.044460002,3450874880.0,,0.09,0.794,roe=None; current_ratio=0.794
HUM,Humana,Health Care,S&P 500,46690824192,388.83,551399823.0,NYQ,EQUITY,0.00878,1940999936.0,0.06893,0.262,1.742,roe=0.06893
HBAN,Huntington Bancshares,Financials,S&P 500,36084609024,17.86,428695187.4,NMS,EQUITY,0.26131,,0.09002,0.476,,free_cash_flow=None; roe=0.09002; current_ratio=None
HII,Huntington Ingalls Industries,Industrials,S&P 500,12877422592,326.8,197040792.0,NYQ,EQUITY,0.05013,-300249984.0,0.12968001,0.109,1.23,free_cash_flow=-300249984
IBM,IBM,Information Technology,S&P 500,222324867072,235.98,1569635128.8,NYQ,EQUITY,0.15522,12049750016.0,0.34460998,0.011,0.791,current_ratio=0.791
IR,Ingersoll Rand,Industrials,S&P 500,32886831104,84.76,403311812.8,NYQ,EQUITY,0.12076,1107425024.0,0.0947,0.085,1.616,roe=0.0947
INTC,Intel,Information Technology,S&P 500,530444419072,100.95,11487970689.0,NMS,EQUITY,-0.19794,4866375168.0,-0.10715,0.254,1.604,profit_margin=-0.19794; roe=-0.10715
IBKR,Interactive Brokers,Financials,S&P 500,156171747328,91.66,472928936.0,NMS,EQUITY,0.16474001,,0.24018998,0.263,1.093,free_cash_flow=None
IFF,International Flavors & Fragrances,Materials,S&P 500,21407195136,83.85,159853317.0,NYQ,EQUITY,0.02569,-1720999936.0,-0.05548,0.018,2.061,free_cash_flow=-1720999936; roe=-0.05548
IP,International Paper,Materials,S&P 500,21786505216,41.14,192902580.2,NYQ,EQUITY,-0.14205,1646499968.0,-0.16479,-0.022,1.098,profit_margin=-0.14205; roe=-0.16479; revenue_growth=-0.022
IVZ,Invesco,Financials,S&P 500,13924910080,31.54,158466422.0,NYQ,EQUITY,-0.00934,1140787456.0,-0.0057300003,0.205,0.708,profit_margin=-0.00934; roe=-0.0057300003; current_ratio=0.708
INVH,Invitation Homes,Real Estate,S&P 500,17690570752,29.78,134332517.4,NYQ,EQUITY,0.23197001,1168785536.0,0.070539996,0.101,0.43,roe=0.070539996; current_ratio=0.43
IQV,IQVIA,Health Care,S&P 500,39785467904,241.71,317121102.90000004,NYQ,EQUITY,0.08096,2149750016.0,0.22818,0.087,0.706,current_ratio=0.706
IRM,Iron Mountain,Real Estate,S&P 500,37022322688,124.36,271614676.0,NYQ,EQUITY,0.055359997,-436093504.0,,0.185,0.726,free_cash_flow=-436093504; roe=None; current_ratio=0.726
JBL,Jabil,Information Technology,S&P 500,38368841728,366.16,406005531.2000001,NYQ,EQUITY,0.02566,1211624960.0,0.65876,0.118,0.981,current_ratio=0.981
J,Jacobs Solutions,Industrials,S&P 500,17165416448,145.37,132776596.9,NYQ,EQUITY,0.0238,645677888.0,0.07998,0.345,1.287,roe=0.07998
JPM,JPMorgan Chase,Financials,S&P 500,970716413952,365.18,2156351382.0,NYQ,EQUITY,0.34921002,,0.17789,0.304,,free_cash_flow=None; current_ratio=None
KDP,Keurig Dr Pepper,Consumer Staples,S&P 500,40226017280,29.56,411953776.4,NMS,EQUITY,0.07103,4607249920.0,0.051,0.756,0.479,roe=0.051; current_ratio=0.479
KEY,KeyCorp,Financials,S&P 500,24538880000,22.89,196372165.5,NYQ,EQUITY,0.2754,,0.1033,0.101,,free_cash_flow=None; current_ratio=None
KMB,Kimberly-Clark,Consumer Staples,S&P 500,36158263296,108.93,459344738.4,NMS,EQUITY,0.1179,941124992.0,1.04913,0.006,0.909,current_ratio=0.909
KIM,Kimco Realty,Real Estate,S&P 500,16219686912,24.18,128199216.6,NYQ,EQUITY,0.27759,871483392.0,0.05806,0.049,0.971,roe=0.05806; current_ratio=0.971
KMI,Kinder Morgan,Energy,S&P 500,70593724416,31.73,282257705.3,NYQ,EQUITY,0.19305,1075000064.0,0.109910004,0.108,0.458,current_ratio=0.458
KKR,KKR & Co.,Financials,S&P 500,102426189824,110.9,642523548.0,NYQ,EQUITY,0.12201,,0.0728,0.078,0.856,free_cash_flow=None; roe=0.0728; current_ratio=0.856
KHC,Kraft Heinz,Consumer Staples,S&P 500,29088258048,24.53,405084249.9,NMS,EQUITY,-0.13639,3250500096.0,-0.0876,-0.014,1.061,profit_margin=-0.13639; roe=-0.0876; revenue_growth=-0.014
KR,Kroger,Consumer Staples,S&P 500,34345009152,56.06,353309741.0,NYQ,EQUITY,0.00708,2994500096.0,0.13779001,0.022,0.791,current_ratio=0.791
LHX,L3Harris,Industrials,S&P 500,54140039168,290.74,551530872.6,NYQ,EQUITY,0.103690006,,,1.9,,free_cash_flow=None; roe=None; current_ratio=None
LVS,Las Vegas Sands,Consumer Discretionary,S&P 500,29586991104,45.68,249356156.8,NYQ,EQUITY,0.12588,2212875008.0,1.22869,-0.007,0.997,revenue_growth=-0.007; current_ratio=0.997
LEN,Lennar,Consumer Discretionary,S&P 500,20524265472,85.2,172111668.0,NYQ,EQUITY,0.04934,1077926016.0,0.07368,-0.052,8.508,roe=0.07368; revenue_growth=-0.052
LIN,Linde plc,Materials,S&P 500,221007708160,479.43,1194418341.9,NMS,EQUITY,0.20435,4160750080.0,0.18400998,0.093,0.879,current_ratio=0.879
LYV,Live Nation Entertainment,Communication Services,S&P 500,43174383616,185.33,464225703.8,NYQ,EQUITY,0.00513,1695030656.0,0.17677,0.094,0.852,current_ratio=0.852
L,Loews Corporation,Financials,S&P 500,23126906880,113.13,77240638.8,NYQ,EQUITY,0.09024,1262000000.0,0.09313,0.039,0.507,roe=0.09313; current_ratio=0.507
LOW,Lowe's,Consumer Discretionary,S&P 500,121159172096,215.97,542229399.9,NYQ,EQUITY,0.075100005,4816124928.0,,0.103,1.093,roe=None
LITE,Lumentum,Information Technology,S&P 500,82616836096,932.47,5435106538.400001,NMS,EQUITY,-2.3009598,,-2.40027,1.093,1.678,profit_margin=-2.3009598; free_cash_flow=None; roe=-2.40027
LYB,LyondellBasell,Materials,S&P 500,20286783488,62.8,291680252.0,NYQ,EQUITY,-0.01132,1228000000.0,-0.02269,0.198,1.641,profit_margin=-0.01132; roe=-0.02269
MTB,M&T Bank,Financials,S&P 500,36747759616,253.55,233154438.0,NYQ,EQUITY,0.32092,,0.10742,0.062,,free_cash_flow=None; current_ratio=None
MAR,Marriott International,Consumer Discretionary,S&P 500,92462505984,354.58,794925810.4,NMS,EQUITY,0.35029998,2060375040.0,,0.111,0.535,roe=None; current_ratio=0.535
MLM,Martin Marietta Materials,Materials,S&P 500,32669812736,543.9,342580854.0,NYQ,EQUITY,0.36737,593374976.0,0.08894,0.21,1.407,roe=0.08894
MAS,Masco,Industrials,S&P 500,14718068736,74.64,201480230.4,NYQ,EQUITY,0.11614,897124992.0,58.625,-0.029,1.865,revenue_growth=-0.029
MKC,McCormick & Company,Consumer Staples,S&P 500,14241067008,52.97,134323444.8,NYQ,EQUITY,0.21912001,714025024.0,0.24728,0.167,0.781,current_ratio=0.781
MCD,McDonald's,Consumer Discretionary,S&P 500,195096772608,275.7,1377212481.0,NYQ,EQUITY,0.3172,6262374912.0,,0.037,1.081,roe=None
MCK,McKesson Corporation,Health Care,S&P 500,102451445760,878.73,994309356.9,NYQ,EQUITY,0.01117,6801249792.0,,0.077,0.893,roe=None; current_ratio=0.893
MDT,Medtronic,Health Care,S&P 500,116176904192,90.76,599836470.4,NYQ,EQUITY,0.13203,4625375232.0,0.098409995,0.099,2.126,roe=0.098409995
MRK,Merck & Co.,Health Care,S&P 500,327936442368,132.92,1142646780.0,NYQ,EQUITY,0.047659997,15171500032.0,0.06961,0.051,1.323,roe=0.06961
MET,MetLife,Financials,S&P 500,61425201152,96.66,406937633.4,NYQ,EQUITY,0.04567,-20953999360.0,0.13094,0.105,2.027,free_cash_flow=-20953999360
MTD,Mettler Toledo,Health Care,S&P 500,28823193600,1438.53,244765879.5,NYQ,EQUITY,0.21907,693589632.0,,0.045,1.122,roe=None
MCHP,Microchip Technology,Information Technology,S&P 500,43136614400,79.44,942778032.0,NMS,EQUITY,0.0934,1364762496.0,0.0719,0.38,1.921,roe=0.0719
MAA,Mid-America Apartment Communities,Real Estate,S&P 500,15790494720,132.33,148740243.3,NYQ,EQUITY,0.18173,921182272.0,0.0705,0.01,0.048,roe=0.0705; current_ratio=0.048
MRNA,Moderna,Health Care,S&P 500,25419350016,63.67,371674898.4,NMS,EQUITY,-1.41427,299249984.0,-0.38998002,0.021,2.295,profit_margin=-1.41427; roe=-0.38998002
TAP,Molson Coors Beverage Company,Consumer Staples,S&P 500,7750889984,41.57,131765260.4,NYQ,EQUITY,-0.20808001,935137472.0,-0.19466,-0.033,0.879,profit_margin=-0.20808001; roe=-0.19466; revenue_growth=-0.033; current_ratio=0.879
MDLZ,Mondelez International,Consumer Staples,S&P 500,79817342976,62.18,521626776.4,NMS,EQUITY,0.08862001,2252375040.0,0.13340001,0.041,0.599,current_ratio=0.599
MS,Morgan Stanley,Financials,S&P 500,342130065408,217.64,1088065063.2,NYQ,EQUITY,0.25897,,0.17969999,0.28,1.999,free_cash_flow=None
MOS,Mosaic Company (The),Materials,S&P 500,7184441856,22.6,180538518.0,NYQ,EQUITY,-0.05213,-746275008.0,-0.05073,-0.06,1.337,profit_margin=-0.05213; free_cash_flow=-746275008; roe=-0.05073; revenue_growth=-0.06
MSCI,MSCI,Financials,S&P 500,40930828288,563.01,390447435.0,NYQ,EQUITY,0.40735,1194705920.0,,0.122,0.894,roe=None; current_ratio=0.894
NWSA,News Corp (Class A),Communication Services,S&P 500,15496601600,28.67,130220860.2,NMS,EQUITY,0.06347,1045124992.0,0.07979,0.108,1.623,roe=0.07979
NWS,News Corp (Class B),Communication Services,S&P 500,17664071680,32.68,38820572.0,NMS,EQUITY,0.06347,1045124992.0,0.07979,0.108,1.623,roe=0.07979
NEE,NextEra Energy,Utilities,S&P 500,178903220224,85.78,961647841.4,NYQ,EQUITY,0.32401,-17766875136.0,0.11677,0.124,0.534,free_cash_flow=-17766875136; current_ratio=0.534
NKE,"Nike, Inc.",Consumer Discretionary,S&P 500,60096532480,40.51,917799826.3,NYQ,EQUITY,0.066989996,1889250048.0,0.22138001,-0.011,1.961,revenue_growth=-0.011
NI,NiSource,Utilities,S&P 500,20136728576,41.99,311577977.1,NYQ,EQUITY,0.13153,-1772999936.0,0.085489996,0.046,0.498,free_cash_flow=-1772999936; roe=0.085489996; current_ratio=0.498
NSC,Norfolk Southern,Industrials,S&P 500,75335892992,335.41,389021934.4,NYQ,EQUITY,0.21021,1382249984.0,0.16985,0.114,0.831,current_ratio=0.831
NTRS,Northern Trust,Financials,S&P 500,35004903424,191.33,213089960.9,NMS,EQUITY,0.2467,,0.17066,0.364,,free_cash_flow=None; current_ratio=None
NCLH,Norwegian Cruise Line Holdings,Consumer Discretionary,S&P 500,8687834112,18.92,310234834.8,NYQ,EQUITY,0.07492,-1680301312.0,0.3673,0.049,0.2,free_cash_flow=-1680301312; current_ratio=0.2
NRG,NRG Energy,Utilities,S&P 500,25363996672,120.66,497968646.4,NYQ,EQUITY,0.02563,772374976.0,0.23772,0.11,0.968,current_ratio=0.968
NVR,"NVR, Inc.",Consumer Discretionary,S&P 500,16772496384,6293.95,226708079.0,NYQ,EQUITY,0.1185,918313280.0,0.31544,-0.109,5.67,revenue_growth=-0.109
ORLY,O'Reilly Automotive,Consumer Discretionary,S&P 500,74464837632,92.05,520340240.0,NMS,EQUITY,0.1427,1570733824.0,,0.081,0.752,roe=None; current_ratio=0.752
OMC,Omnicom Group,Communication Services,S&P 500,24370880512,85.51,253648313.00000003,NYQ,EQUITY,0.017439999,4260624896.0,0.060510002,0.634,0.924,roe=0.060510002; current_ratio=0.924
ON,ON Semiconductor,Information Technology,S&P 500,32437450752,83.32,981565424.4,NMS,EQUITY,0.10168,1656649984.0,0.08312,0.092,3.464,roe=0.08312
OKE,Oneok,Energy,S&P 500,58259136512,92.47,385797785.8,NYQ,EQUITY,0.09287,899875008.0,0.16277,0.528,0.737,current_ratio=0.737
ORCL,Oracle Corporation,Information Technology,S&P 500,441518587904,153.28,5137769328.0,NYQ,EQUITY,0.25368,-24536750080.0,0.53376,0.206,1.115,free_cash_flow=-24536750080
OTIS,Otis Worldwide,Industrials,S&P 500,28158111744,73.97,218270676.0,NYQ,EQUITY,0.10167,1436249984.0,,0.073,0.831,roe=None; current_ratio=0.831
PANW,Palo Alto Networks,Information Technology,S&P 500,315413168128,387.01,2354514658.6,NMS,EQUITY,0.07947,3579375104.0,0.048309997,0.311,0.856,roe=0.048309997; current_ratio=0.856
PSKY,Paramount Skydance Corporation,Communication Services,S&P 500,10632144896,9.5,129161240.0,NMS,EQUITY,-0.021329999,17593124864.0,-0.00896,0.009,1.04,profit_margin=-0.021329999; roe=-0.00896
PAYX,Paychex,Industrials,S&P 500,42813546496,120.37,319470405.90000004,NMS,EQUITY,0.26633,,,0.125,1.152,free_cash_flow=None; roe=None
PNR,Pentair,Industrials,S&P 500,10628795392,65.77,202823499.1,NYQ,EQUITY,0.16237,558312512.0,0.17126,-0.17,1.451,revenue_growth=-0.17
PEP,PepsiCo,Consumer Staples,S&P 500,189464199168,138.7,968120452.0,NMS,EQUITY,0.10785,7831875072.0,0.51508,0.064,0.934,current_ratio=0.934
PFE,Pfizer,Health Care,S&P 500,149958410240,26.31,1194582134.1,NYQ,EQUITY,0.06804,12485624832.0,0.05014,0.026,1.267,roe=0.05014
PCG,PG&E Corporation,Utilities,S&P 500,38277136384,17.38,475134961.4,NYQ,EQUITY,0.11828,-6150125056.0,0.09318,0.001,1.216,free_cash_flow=-6150125056; roe=0.09318
PM,Philip Morris International,Consumer Staples,S&P 500,290198224896,186.19,887564006.2,NYQ,EQUITY,0.25559,9714374656.0,,0.104,0.98,roe=None; current_ratio=0.98
PNW,Pinnacle West Capital,Utilities,S&P 500,12168202240,100.4,123703844.0,NYQ,EQUITY,0.11525,-929501376.0,0.09365,0.071,0.594,free_cash_flow=-929501376; roe=0.09365; current_ratio=0.594
PNC,PNC Financial Services,Financials,S&P 500,101928542208,255.46,355888989.8,NYQ,EQUITY,0.31366,,0.12623,0.236,,free_cash_flow=None; current_ratio=None
PPL,PPL Corporation,Utilities,S&P 500,26678341632,35.46,299112546.6,NYQ,EQUITY,0.13471,-1938375040.0,0.086330004,0.042,0.905,free_cash_flow=-1938375040; roe=0.086330004; current_ratio=0.905
PG,Procter & Gamble,Consumer Staples,S&P 500,335504539648,144.08,1203547786.4,NYQ,EQUITY,0.18437,13280874496.0,0.30290002,0.015,0.677,current_ratio=0.677
PGR,Progressive Corporation,Financials,S&P 500,120559058944,207.37,420836678.0,NYQ,EQUITY,0.12849,15114500096.0,0.34943,0.073,0.293,current_ratio=0.293
PLD,Prologis,Real Estate,S&P 500,136802418688,140.73,862096499.6999999,NYQ,EQUITY,0.43575,5406941184.0,0.07749,0.123,0.649,roe=0.07749; current_ratio=0.649
PRU,Prudential Financial,Financials,S&P 500,42345299968,122.74,274525193.6,NYQ,EQUITY,0.06007,7527750144.0,0.12011,0.141,0.777,current_ratio=0.777
PEG,Public Service Enterprise Group,Utilities,S&P 500,37807644672,75.87,239242388.4,NYQ,EQUITY,0.16041,107750000.0,0.11835,-0.089,0.877,revenue_growth=-0.089; current_ratio=0.877
PTC,PTC Inc.,Information Technology,S&P 500,16057842688,147.99,241429406.1,NMS,EQUITY,0.41429,1031425152.0,0.35053003,-0.068,1.025,revenue_growth=-0.068
PSA,Public Storage,Real Estate,S&P 500,60427186176,323.58,316318864.8,NYQ,EQUITY,0.41632998,2334240256.0,0.21929,0.033,0.22,current_ratio=0.22
PHM,PulteGroup,Consumer Discretionary,S&P 500,24603217920,129.16,180244071.6,NYQ,EQUITY,0.1162,1078512896.0,0.14901,-0.096,7.272,revenue_growth=-0.096
QCOM,Qualcomm,Information Technology,S&P 500,171223515136,163.07,1927366728.2,NMS,EQUITY,0.21013,10241000448.0,0.33754003,-0.04,2.016,revenue_growth=-0.04
Q,Qnity Electronics,Information Technology,S&P 500,29742913536,142.08,280833907.20000005,NYQ,EQUITY,0.11248,772249984.0,0.06722,0.221,2.008,roe=0.06722
RJF,Raymond James Financial,Financials,S&P 500,34852093952,181.18,160735648.8,NYQ,EQUITY,0.15131,,0.18416001,0.151,2.109,free_cash_flow=None
O,Realty Income,Real Estate,S&P 500,59222781952,62.59,386420645.6,NYQ,EQUITY,0.20898001,1582081920.0,0.03225,0.096,1.528,roe=0.03225
REG,Regency Centers,Real Estate,S&P 500,14160253952,75.74,116247266.8,NMS,EQUITY,0.32996,743363968.0,0.081870005,0.089,0.964,roe=0.081870005; current_ratio=0.964
RF,Regions Financial Corporation,Financials,S&P 500,26920974336,31.6,242690212.0,NYQ,EQUITY,0.30837,,0.118669994,0.034,,free_cash_flow=None; current_ratio=None
RSG,Republic Services,Industrials,S&P 500,65609195520,214.26,319804476.0,NYQ,EQUITY,0.12942,1942625024.0,0.18152,0.046,0.644,current_ratio=0.644
RVTY,Revvity,Health Care,S&P 500,13153804288,117.88,195882374.8,NYQ,EQUITY,0.08158,604992128.0,0.03211,0.013,1.8,roe=0.03211
HOOD,Robinhood Markets,Financials,S&P 500,85331902464,94.91,1661773495.4,NMS,EQUITY,0.42011002,,0.23618999,0.323,1.116,free_cash_flow=None
ROL,"Rollins, Inc.",Industrials,S&P 500,17571430400,36.52,214876741.2,NYQ,EQUITY,0.1355,501737504.0,0.37008998,0.079,0.629,current_ratio=0.629
ROP,Roper Technologies,Information Technology,S&P 500,39088590848,395.23,295635992.3,NMS,EQUITY,0.30244,2265687552.0,0.13066,0.085,0.553,current_ratio=0.553
RCL,Royal Caribbean Group,Consumer Discretionary,S&P 500,82375237632,308.0,508486440.0,NYQ,EQUITY,0.23541,-1516249984.0,0.44669998,0.065,0.209,free_cash_flow=-1516249984; current_ratio=0.209
SPGI,S&P Global,Financials,S&P 500,120897478656,410.1,843071277.0,NYQ,EQUITY,0.30536,5448249856.0,0.14255,0.104,0.954,current_ratio=0.954
CRM,Salesforce,Information Technology,S&P 500,158329094144,193.32,2154719588.4,NYQ,EQUITY,0.18733,16552999936.0,0.16908,0.133,0.786,current_ratio=0.786
SBAC,SBA Communications,Real Estate,S&P 500,19422611456,183.08,254887637.6,NMS,EQUITY,0.34512,752056384.0,,0.023,0.165,roe=None; current_ratio=0.165
SRE,Sempra,Utilities,S&P 500,56183115776,85.92,397065532.8,NYQ,EQUITY,0.16824,-27657750528.0,0.06679,-0.001,1.642,free_cash_flow=-27657750528; roe=0.06679; revenue_growth=-0.001
NOW,ServiceNow,Information Technology,S&P 500,129170718720,124.94,2449416215.6,NYQ,EQUITY,0.11336,5149374976.0,0.14244,0.24,0.701,current_ratio=0.701
SHW,Sherwin-Williams,Materials,S&P 500,87441489920,360.2,650096164.0,NYQ,EQUITY,0.11013,2506037504.0,0.65124,0.075,0.727,current_ratio=0.727
SPG,Simon Property Group,Real Estate,S&P 500,83729752064,220.56,342322353.6,NYQ,EQUITY,0.66571,2595271168.0,1.20508,0.195,0.266,current_ratio=0.266
SWKS,Skyworks Solutions,Information Technology,S&P 500,10480287744,69.68,367036612.8,NMS,EQUITY,0.072270006,448812512.0,0.05094,-0.031,3.101,roe=0.05094; revenue_growth=-0.031
SJM,J.M. Smucker Company (The),Consumer Staples,S&P 500,12696356864,118.79,131031309.5,NYQ,EQUITY,-0.015319999,1005774976.0,-0.02386,0.058,0.777,profit_margin=-0.015319999; roe=-0.02386; current_ratio=0.777
SW,Smurfit Westrock,Materials,S&P 500,25832753152,49.25,222725737.5,NYQ,EQUITY,0.01587,1215000064.0,0.02715,0.011,1.447,roe=0.02715
SO,Southern Company,Utilities,S&P 500,106431578112,92.52,576845546.4,NYQ,EQUITY,0.15435,-3913374976.0,0.114829995,0.001,0.787,free_cash_flow=-3913374976; current_ratio=0.787
LUV,Southwest Airlines,Industrials,S&P 500,22004584448,44.98,216853527.8,NYQ,EQUITY,0.02783,-834750016.0,0.11099,0.164,0.489,free_cash_flow=-834750016; current_ratio=0.489
SWK,Stanley Black & Decker,Industrials,S&P 500,15539612672,102.9,249540732.0,NYQ,EQUITY,0.040689997,1419049984.0,0.06886,0.004,1.432,roe=0.06886
SBUX,Starbucks,Consumer Discretionary,S&P 500,123678597120,108.49,958121840.7,NMS,EQUITY,0.05172,3065537536.0,,-0.014,0.76,roe=None; revenue_growth=-0.014; current_ratio=0.76
STT,State Street Corporation,Financials,S&P 500,52223553536,190.11,295398621.3,NYQ,EQUITY,0.23005,,0.12437,-0.028,,free_cash_flow=None; revenue_growth=-0.028; current_ratio=None
SMCI,Supermicro,Information Technology,S&P 500,24328894464,37.61,2126560040.1,NMS,EQUITY,0.0571,-8231267840.0,0.21465999,0.932,3.872,free_cash_flow=-8231267840
SYF,Synchrony Financial,Financials,S&P 500,25837701120,79.41,226173179.7,NYQ,EQUITY,0.35507,,0.20786,0.006,,free_cash_flow=None; current_ratio=None
SNPS,Synopsys,Information Technology,S&P 500,78950760448,412.32,621984720.0,NMS,EQUITY,0.089090005,3538958592.0,0.03824,0.419,1.434,roe=0.03824
TMUS,T-Mobile US,Communication Services,S&P 500,190002331648,177.13,860929737.1999999,NMS,EQUITY,0.11455,11335999488.0,0.17994,0.079,0.924,current_ratio=0.924
TTWO,Take-Two Interactive,Communication Services,S&P 500,45436248064,243.0,634541040.0,NMS,EQUITY,-0.04792,1256137472.0,-0.09039,0.02,1.062,profit_margin=-0.04792; roe=-0.09039
TRGP,Targa Resources,Energy,S&P 500,57611186176,268.67,319424449.70000005,NYQ,EQUITY,0.13545,65837500.0,0.70839995,0.042,0.771,current_ratio=0.771
TGT,Target Corporation,Consumer Staples,S&P 500,69945425920,154.0,568701980.0,NYQ,EQUITY,0.03243,3141250048.0,0.22015,0.067,0.932,current_ratio=0.932
TDY,Teledyne Technologies,Information Technology,S&P 500,31804487680,686.49,258401700.9,NYQ,EQUITY,0.15292,912675008.0,0.09154,0.098,2.181,roe=0.09154
TSLA,"Tesla, Inc.",Consumer Discretionary,S&P 500,1293516406784,327.51,10367397827.1,NMS,EQUITY,0.03671,4835999744.0,0.046669997,0.255,1.941,roe=0.046669997
TPL,Texas Pacific Land Corporation,Energy,S&P 500,23642449920,342.77,153989422.5,NYQ,EQUITY,0.60322,-32836124.0,0.36566,0.312,4.552,free_cash_flow=-32836124
TKO,TKO Group Holdings,Communication Services,S&P 500,36934090752,195.14,258521472.0,NYQ,EQUITY,0.0433,856147520.0,0.07063,0.182,1.278,roe=0.07063
TDG,TransDigm Group,Industrials,S&P 500,69104820224,1235.48,679229839.6,NYQ,EQUITY,0.21277,1457374976.0,,0.225,3.019,roe=None
TRV,Travelers Companies (The),Financials,S&P 500,77206134784,370.16,667642785.6,NYQ,EQUITY,0.16951999,14775124992.0,0.26511,0.003,0.323,current_ratio=0.323
TRMB,Trimble Inc.,Information Technology,S&P 500,13135834112,56.35,144705673.0,NMS,EQUITY,-0.027679998,686174976.0,-0.01939,0.11,0.954,profit_margin=-0.027679998; roe=-0.01939; current_ratio=0.954
TFC,Truist Financial,Financials,S&P 500,64343052288,52.67,357531860.5,NYQ,EQUITY,0.30692,,0.09059,0.082,,free_cash_flow=None; roe=0.09059; current_ratio=None
TYL,Tyler Technologies,Information Technology,S&P 500,13008079872,317.64,278173230.0,NYQ,EQUITY,0.13361,594435648.0,0.09731,0.082,1.554,roe=0.09731
TSN,Tyson Foods,Consumer Staples,S&P 500,19634042880,55.81,185994638.4,NYQ,EQUITY,0.01031,1191250048.0,0.03263,-0.001,1.433,roe=0.03263; revenue_growth=-0.001
USB,U.S. Bancorp,Financials,S&P 500,101304500224,65.02,423473959.6,NYQ,EQUITY,0.29896,,0.12623,0.104,,free_cash_flow=None; current_ratio=None
UBER,Uber,Industrials,S&P 500,153927335936,75.36,1800421238.4,NYQ,EQUITY,0.17345,7244749824.0,0.3716,0.122,0.843,current_ratio=0.843
UDR,"UDR, Inc.",Real Estate,S&P 500,13794297856,37.23,129698151.0,NYQ,EQUITY,0.29563,779827776.0,0.13739,-0.001,0.178,revenue_growth=-0.001; current_ratio=0.178
UNP,Union Pacific Corporation,Industrials,S&P 500,174497808384,293.73,726364917.0,NYQ,EQUITY,0.28847,4720750080.0,0.39696,0.115,0.986,current_ratio=0.986
UAL,United Airlines Holdings,Industrials,S&P 500,40610164736,125.12,373314288.0,NMS,EQUITY,0.05558,910124992.0,0.23252001,0.16,0.78,current_ratio=0.78
URI,United Rentals,Industrials,S&P 500,70290448384,1129.3,470138883.0,NYQ,EQUITY,0.15673,1706249984.0,0.28895,0.118,0.764,current_ratio=0.764
UNH,UnitedHealth Group,Health Care,S&P 500,364055461888,405.59,1628391123.3,NYQ,EQUITY,0.03137,22759749632.0,0.14152999,0.004,0.777,current_ratio=0.777
VTR,Ventas,Real Estate,S&P 500,45657358336,89.01,325862049.6,NYQ,EQUITY,0.04093,1486853504.0,0.02012,0.217,0.295,roe=0.02012; current_ratio=0.295
VRSN,Verisign,Information Technology,S&P 500,25577777152,282.94,239918973.0,NMS,EQUITY,0.49769002,832837504.0,,0.06,0.591,roe=None; current_ratio=0.591
VRSK,Verisk Analytics,Industrials,S&P 500,23633719296,180.38,294665160.4,NMS,EQUITY,0.28237,1055550016.0,,0.044,1.005,roe=None
VZ,Verizon,Communication Services,S&P 500,195191341056,46.98,1039259143.8,NYQ,EQUITY,0.11643,17466624000.0,0.15842,-0.007,0.604,revenue_growth=-0.007; current_ratio=0.604
VTRS,Viatris,Health Care,S&P 500,18492313600,16.1,199703273.00000003,NMS,EQUITY,-0.02787,2677337600.0,-0.02754,0.049,1.585,profit_margin=-0.02787; roe=-0.02754
VICI,Vici Properties,Real Estate,S&P 500,28705089536,26.07,302005047.3,NYQ,EQUITY,0.67496,267028992.0,0.09849,0.057,11.236,roe=0.09849
V,Visa Inc.,Financials,S&P 500,671054168064,359.42,2200520196.4,NYQ,EQUITY,0.50782,20404000768.0,0.6119,0.144,0.985,current_ratio=0.985
VST,Vistra Corp.,Utilities,S&P 500,49230966784,146.68,799661223.2,NYQ,EQUITY,0.1155,37125000.0,0.42962003,-0.055,0.973,revenue_growth=-0.055; current_ratio=0.973
WRB,W. R. Berkley Corporation,Financials,S&P 500,25885696000,69.73,122455642.2,NYQ,EQUITY,0.12943,3045504768.0,0.20207001,0.012,0.406,current_ratio=0.406
WMT,Walmart,Consumer Staples,S&P 500,923216773120,116.01,2630696124.6,NMS,EQUITY,0.03135,6862249984.0,0.24132,0.073,0.771,current_ratio=0.771
DIS,Walt Disney Company (The),Communication Services,S&P 500,178228625408,103.22,1326323325.6,NYQ,EQUITY,0.086990006,4860375040.0,0.0801,0.068,0.709,roe=0.0801; current_ratio=0.709
WBD,Warner Bros. Discovery,Communication Services,S&P 500,69322334208,27.65,635809261.5,NMS,EQUITY,-0.08769,16167374848.0,-0.08786,-0.112,0.777,profit_margin=-0.08769; roe=-0.08786; revenue_growth=-0.112; current_ratio=0.777
WM,Waste Management,Industrials,S&P 500,90463543296,226.32,481810384.8,NYQ,EQUITY,0.11115,2348375040.0,0.29841,0.04,0.907,current_ratio=0.907
WAT,Waters Corporation,Health Care,S&P 500,40860045312,416.15,406957246.5,NYQ,EQUITY,0.03588,-142067632.0,0.019199999,1.134,1.861,free_cash_flow=-142067632; roe=0.019199999
WEC,WEC Energy Group,Utilities,S&P 500,35553427456,109.11,283331392.5,NYQ,EQUITY,0.16686001,-2353637376.0,0.11988,0.026,0.534,free_cash_flow=-2353637376; current_ratio=0.534
WFC,Wells Fargo,Financials,S&P 500,268924256256,88.93,1121194757.3000002,NYQ,EQUITY,0.27232,,0.12575,0.095,,free_cash_flow=None; current_ratio=None
WELL,Welltower,Real Estate,S&P 500,165926125568,230.27,790963633.8000001,NYQ,EQUITY,0.12149999,2756164352.0,0.03836,0.391,1.317,roe=0.03836
WY,Weyerhaeuser,Real Estate,S&P 500,17845424128,24.76,162428323.60000002,NYQ,EQUITY,0.06888,13625000.0,0.04974,-0.009,1.816,roe=0.04974; revenue_growth=-0.009
WMB,Williams Companies,Energy,S&P 500,90147438592,73.7,484749958.0,NYQ,EQUITY,0.24937001,-1516749952.0,0.21503,0.078,0.477,free_cash_flow=-1516749952; current_ratio=0.477
WYNN,Wynn Resorts,Consumer Discretionary,S&P 500,10603220992,102.97,177752992.2,NMS,EQUITY,0.060549997,476188864.0,,0.069,0.912,roe=None; current_ratio=0.912
XEL,Xcel Energy,Utilities,S&P 500,49096253440,78.6,408198882.0,NMS,EQUITY,0.15278,-7907999744.0,0.0992,-0.051,0.701,free_cash_flow=-7907999744; roe=0.0992; revenue_growth=-0.051; current_ratio=0.701
XYL,Xylem Inc.,Industrials,S&P 500,28469047296,121.93,199034874.1,NYQ,EQUITY,0.111549996,1183750016.0,0.09182999,0.015,1.613,roe=0.09182999
YUM,Yum! Brands,Consumer Discretionary,S&P 500,41027948544,150.34,387298391.0,NYQ,EQUITY,0.25406998,833249984.0,,0.122,0.592,roe=None; current_ratio=0.592
ZBRA,Zebra Technologies,Information Technology,S&P 500,18023047168,378.37,393421558.6,NMS,EQUITY,0.092180006,576750016.0,0.15286,0.204,0.516,current_ratio=0.516
ZBH,Zimmer Biomet,Health Care,S&P 500,18671312896,97.89,295123666.5,NYQ,EQUITY,0.09481,1090899968.0,0.06413,0.048,1.691,roe=0.06413
ZTS,Zoetis,Health Care,S&P 500,30388465664,73.54,619120758.2,NYQ,EQUITY,0.27685,2016999936.0,0.64911,-0.002,3.084,revenue_growth=-0.002
AAL,American Airlines Group,Industrials,S&P 400 (MidCap),9883210752,14.93,715053388.9,NMS,EQUITY,-0.00559,519249984.0,,0.163,0.534,profit_margin=-0.00559; roe=None; current_ratio=0.534
AAON,AAON,Industrials,S&P 400 (MidCap),7027524096,85.23,117477622.8,NMS,EQUITY,0.08243,-213758000.0,0.17284,1.012,3.013,free_cash_flow=-213758000
ACI,Albertsons,Consumer Staples,S&P 400 (MidCap),5882238976,12.01,101192296.7,NYQ,EQUITY,0.00079,1753387520.0,0.02717,0.002,0.842,roe=0.02717; current_ratio=0.842
ACM,AECOM,Industrials,S&P 400 (MidCap),7855629824,61.04,137227686.4,NYQ,EQUITY,0.01871,379882112.0,0.16605,-0.142,1.057,revenue_growth=-0.142
ADC,Agree Realty,Real Estate,S&P 400 (MidCap),9274835968,74.36,100922135.6,NYQ,EQUITY,0.28842,447780000.0,0.037049998,0.168,0.271,roe=0.037049998; current_ratio=0.271
AGCO,AGCO,Industrials,S&P 400 (MidCap),7111721984,101.55,101990727.0,NYQ,EQUITY,0.05154,450262496.0,0.118269995,-0.01,1.321,revenue_growth=-0.01
AHR,American Healthcare REIT,Real Estate,S&P 400 (MidCap),10135266304,52.59,168376351.20000002,NYQ,EQUITY,0.048309997,396657984.0,0.03951,0.247,1.314,roe=0.03951
ALGM,Allegro MicroSystems,Information Technology,S&P 400 (MidCap),7916495360,42.47,103030521.2,NMS,EQUITY,0.01501,103498872.0,0.015269999,0.275,3.703,roe=0.015269999
ALK,Alaska Air Group,Industrials,S&P 400 (MidCap),5284926976,47.37,102426729.9,NYQ,EQUITY,-0.011849999,-23750000.0,-0.04598,0.097,0.547,profit_margin=-0.011849999; free_cash_flow=-23750000; roe=-0.04598; current_ratio=0.547
ALLY,Ally Financial,Financials,S&P 400 (MidCap),13460836352,44.25,116727517.5,NYQ,EQUITY,0.1841,,0.09681,0.11,,free_cash_flow=None; roe=0.09681; current_ratio=None
AM,Antero Midstream,Energy,S&P 400 (MidCap),10556748800,22.24,59413047.99999999,NYQ,EQUITY,0.3045,432616640.0,0.19822,0.083,0.842,current_ratio=0.842
AMH,American Homes 4 Rent,Real Estate,S&P 400 (MidCap),13868677120,33.83,85503971.8,NYQ,EQUITY,0.25530002,822327360.0,0.07084,0.028,1.672,roe=0.07084
AMKR,Amkor Technology,Information Technology,S&P 400 (MidCap),13779232768,55.59,264258738.9,NMS,EQUITY,0.07448,-378785984.0,0.12514,0.256,2.171,free_cash_flow=-378785984
AN,AutoNation,Consumer Discretionary,S&P 400 (MidCap),6897145344,208.62,108455279.4,NYQ,EQUITY,0.02822,356124992.0,0.32766998,-0.006,0.782,revenue_growth=-0.006; current_ratio=0.782
AR,Antero Resources,Energy,S&P 400 (MidCap),11522813952,37.48,174691656.39999998,NYQ,EQUITY,0.18746,391220736.0,0.14216,0.126,0.401,current_ratio=0.401
ARWR,Arrowhead Pharmaceuticals,Health Care,S&P 400 (MidCap),12289775616,87.25,113804537.5,NMS,EQUITY,-0.4779,-48628124.0,-0.55207,1.71,5.899,profit_margin=-0.4779; free_cash_flow=-48628124; roe=-0.55207
ASB,Associated Bank,Financials,S&P 400 (MidCap),6063509504,32.13,44539248.6,NYQ,EQUITY,0.32459998,,0.096949995,0.235,,free_cash_flow=None; roe=0.096949995; current_ratio=None
ASH,Ashland Global,Materials,S&P 400 (MidCap),3421680640,74.72,61366788.8,NYQ,EQUITY,0.02823,269124992.0,0.0399,0.073,3.047,roe=0.0399
AVAV,AeroVironment,Industrials,S&P 400 (MidCap),9808343040,193.81,235391935.5,NMS,EQUITY,-0.13411,-251387504.0,-0.10029,1.333,4.304,profit_margin=-0.13411; free_cash_flow=-251387504; roe=-0.10029
AVNT,Avient,Materials,S&P 400 (MidCap),4157647360,45.33,48318606.9,NYQ,EQUITY,0.051030003,263787504.0,0.071100004,0.058,1.9,roe=0.071100004
AVT,Avnet,Information Technology,S&P 400 (MidCap),7981763072,97.31,146290988.5,NMS,EQUITY,0.0121,-132748872.0,0.06665,0.477,1.777,free_cash_flow=-132748872; roe=0.06665
AVTR,Avantor,Health Care,S&P 400 (MidCap),9421678592,13.93,133078165.5,NYQ,EQUITY,-0.08809,450337504.0,-0.09701,0.005,1.782,profit_margin=-0.08809; roe=-0.09701
BAH,Booz Allen Hamilton,Industrials,S&P 400 (MidCap),9430342656,78.4,155782368.0,NYQ,EQUITY,0.07013,860875008.0,0.68637,-0.042,1.595,revenue_growth=-0.042
BBWI,"Bath & Body Works, Inc.",Consumer Discretionary,S&P 400 (MidCap),3654315520,18.13,88492892.6,NYQ,EQUITY,0.10035,729000000.0,,-0.032,1.379,roe=None; revenue_growth=-0.032
BC,Brunswick,Consumer Discretionary,S&P 400 (MidCap),5205177344,80.33,59674747.1,NYQ,EQUITY,-0.01528,385062496.0,-0.048270002,0.077,1.447,profit_margin=-0.01528; roe=-0.048270002
BHF,Brighthouse Financial,Financials,S&P 400 (MidCap),3440341760,59.82,54187947.0,NMS,EQUITY,0.12154,19879124992.0,0.13535,0.867,0.774,current_ratio=0.774
BILL,Bill Holdings,Information Technology,S&P 400 (MidCap),4850360832,48.7,105821691.0,NYQ,EQUITY,0.0001,167608256.0,4.0000003e-05,0.135,1.661,roe=4.0000003e-05
BIO,Bio-Rad Laboratories,Health Care,S&P 400 (MidCap),9689838592,362.08,99782006.4,NYQ,EQUITY,0.085889995,283187488.0,0.0311,-0.001,3.142,roe=0.0311; revenue_growth=-0.001
BJ,BJ's Wholesale Club,Consumer Staples,S&P 400 (MidCap),11838365696,92.71,128227201.0,NYQ,EQUITY,0.026010001,89211000.0,0.27885,0.099,0.727,current_ratio=0.727
BKH,Black Hills Corporation,Utilities,S&P 400 (MidCap),5578680320,73.16,65756208.0,NYQ,EQUITY,0.13008,-77750000.0,0.07958,0.031,0.523,free_cash_flow=-77750000; roe=0.07958; current_ratio=0.523
BMRN,BioMarin Pharmaceutical,Health Care,S&P 400 (MidCap),13596620800,70.24,196877803.2,NMS,EQUITY,0.02142,85157376.0,0.011820001,0.199,2.387,roe=0.011820001
BRKR,Bruker,Health Care,S&P 400 (MidCap),9030336512,59.27,180359202.7,NMS,EQUITY,-0.020350002,179937504.0,-0.029979998,0.052,1.847,profit_margin=-0.020350002; roe=-0.029979998
BRX,Brixmor Property Group,Real Estate,S&P 400 (MidCap),9123313664,29.73,66372522.3,NYQ,EQUITY,0.30822,603135104.0,0.14413,0.043,0.596,current_ratio=0.596
BSY,Bentley Systems,Information Technology,S&P 400 (MidCap),10793779200,35.73,102236035.5,NMS,EQUITY,0.18100001,397979616.0,0.24517,0.128,0.595,current_ratio=0.595
BWA,BorgWarner,Consumer Discretionary,S&P 400 (MidCap),14022427648,68.85,177168951.0,NYQ,EQUITY,0.02893,1066249984.0,0.08056,0.003,2.127,roe=0.08056
BYD,Boyd Gaming,Consumer Discretionary,S&P 400 (MidCap),6028946432,82.98,73564259.4,NYQ,EQUITY,0.44341,283961504.0,0.93084997,0.0,0.774,current_ratio=0.774
CAR,Avis Budget Group,Industrials,S&P 400 (MidCap),4930768384,139.58,61881397.2,NMS,EQUITY,-0.05431,1093124992.0,,-0.013,0.848,profit_margin=-0.05431; roe=None; revenue_growth=-0.013; current_ratio=0.848
CAVA,Cava Group,Consumer Discretionary,S&P 400 (MidCap),8114526720,69.47,302000678.7,NYQ,EQUITY,0.04822,-721500.0,0.083229996,0.313,2.483,free_cash_flow=-721500; roe=0.083229996
CBSH,Commerce Bancshares,Financials,S&P 400 (MidCap),8564335104,59.71,55159500.9,NMS,EQUITY,0.3164,,0.14694001,0.142,,free_cash_flow=None; current_ratio=None
CELH,Celsius Holdings,Consumer Staples,S&P 400 (MidCap),6988828160,27.62,445750894.0,NCM,EQUITY,0.04237,358259008.0,0.05113,0.106,1.798,roe=0.05113
CFR,Frost Bank,Financials,S&P 400 (MidCap),10441616384,168.01,107721291.6,NYQ,EQUITY,0.30192,,0.15498,0.061,,free_cash_flow=None; current_ratio=None
CG,Carlyle Group (The),Financials,S&P 400 (MidCap),17200185344,48.27,241868902.50000003,NMS,EQUITY,0.13012,,0.077659994,-0.329,1.808,free_cash_flow=None; roe=0.077659994; revenue_growth=-0.329
CHDN,Churchill Downs Inc.,Consumer Discretionary,S&P 400 (MidCap),6170562048,88.53,122103231.9,NMS,EQUITY,0.13804,138712496.0,0.33848,0.049,0.356,current_ratio=0.356
CHE,Chemed Corp.,Health Care,S&P 400 (MidCap),7071110656,541.02,91161870.0,NYQ,EQUITY,0.10597,307859488.0,0.27106002,0.088,0.911,current_ratio=0.911
CHH,Choice Hotels,Consumer Discretionary,S&P 400 (MidCap),4750210048,105.54,63858032.400000006,NYQ,EQUITY,0.32631,212277504.0,5.66362,0.071,0.926,current_ratio=0.926
CHWY,Chewy,Consumer Discretionary,S&P 400 (MidCap),9150630912,22.35,148532512.5,NYQ,EQUITY,0.01987,463275008.0,0.63816,0.077,0.784,current_ratio=0.784
CLF,Cleveland-Cliffs,Materials,S&P 400 (MidCap),6989115392,12.25,209130897.5,NYQ,EQUITY,-0.045640003,6125000.0,-0.13862,0.059,1.89,profit_margin=-0.045640003; roe=-0.13862
CNH,CNH Industrial,Industrials,S&P 400 (MidCap),17255542784,10.73,185442727.2,NYQ,EQUITY,0.0171,566249984.0,0.03914,0.02,4.883,roe=0.03914
CNM,Core & Main,Industrials,S&P 400 (MidCap),8914454528,46.06,85610800.8,NYQ,EQUITY,0.058720004,437875008.0,0.23888001,-0.001,2.312,revenue_growth=-0.001
CNX,CNX Resources,Energy,S&P 400 (MidCap),5287505408,35.74,55979204.6,NYQ,EQUITY,0.44368,437116736.0,0.21249,-0.181,0.716,revenue_growth=-0.181; current_ratio=0.716
COLB,Columbia Banking System,Financials,S&P 400 (MidCap),9120847872,32.25,84901995.0,NMS,EQUITY,0.28383,,0.11028,0.351,,free_cash_flow=None; current_ratio=None
CRBG,Corebridge Financial,Financials,S&P 400 (MidCap),15058194432,33.78,208552990.8,NYQ,EQUITY,0.046479996,642249984.0,0.07139,0.259,1.223,roe=0.07139
CTRE,CareTrust REIT,Real Estate,S&P 400 (MidCap),9253241856,39.16,81488044.0,NYQ,EQUITY,0.62194,-80309504.0,0.09056,0.032,3.304,free_cash_flow=-80309504; roe=0.09056
CUBE,CubeSmart,Real Estate,S&P 400 (MidCap),9345250304,41.22,92153080.8,NYQ,EQUITY,0.29334998,486035744.0,0.12028,0.015,0.1,current_ratio=0.1
CUZ,Cousins Properties,Real Estate,S&P 400 (MidCap),4854114816,29.49,56618440.8,NYQ,EQUITY,0.00627,-25106624.0,0.0015199999,0.116,0.524,free_cash_flow=-25106624; roe=0.0015199999; current_ratio=0.524
CYTK,Cytokinetics,Health Care,S&P 400 (MidCap),10515731456,75.64,164348322.8,NMS,EQUITY,0.0,-397408736.0,,-0.571,6.661,profit_margin=0.0; free_cash_flow=-397408736; roe=None; revenue_growth=-0.571
DBX,Dropbox,Information Technology,S&P 400 (MidCap),7312595456,33.63,171480042.60000002,NMS,EQUITY,0.17491,783075008.0,,0.009,1.074,roe=None
DKS,Dick's Sporting Goods,Consumer Discretionary,S&P 400 (MidCap),18138585088,202.66,312732752.4,NYQ,EQUITY,0.04711,-537311360.0,0.20903999,0.627,1.501,free_cash_flow=-537311360
DLB,Dolby,Information Technology,S&P 400 (MidCap),5750327296,61.39,64159916.8,NYQ,EQUITY,0.16700001,331846016.0,0.08758,-0.033,3.185,roe=0.08758; revenue_growth=-0.033
DOCN,DigitalOcean,Information Technology,S&P 400 (MidCap),15592032256,133.37,488781044.5,NYQ,EQUITY,0.23265,-23832624.0,0.62273,0.286,1.311,free_cash_flow=-23832624
DOCU,Docusign,Information Technology,S&P 400 (MidCap),11093881856,58.1,161743428.0,NMS,EQUITY,0.09592,1250368768.0,0.16440001,0.087,0.665,current_ratio=0.665
DT,Dynatrace,Information Technology,S&P 400 (MidCap),14322945024,49.56,336733437.6,NYQ,EQUITY,0.072230004,546524224.0,0.058790002,0.162,1.208,roe=0.058790002
DTM,DT Midstream,Energy,S&P 400 (MidCap),13886321664,136.12,146096234.8,NYQ,EQUITY,0.35724998,128000000.0,0.09901,0.11,1.372,roe=0.09901
EGP,EastGroup Properties,Real Estate,S&P 400 (MidCap),10940180480,203.45,106996389.5,NYQ,EQUITY,0.40567002,379368000.0,0.08732,0.091,0.412,roe=0.08732; current_ratio=0.412
ELAN,Elanco,Health Care,S&P 400 (MidCap),11056630784,22.13,265946168.5,NYQ,EQUITY,-0.03964,826875008.0,-0.029779999,0.102,2.05,profit_margin=-0.03964; roe=-0.029779999
ELF,e.l.f. Beauty,Consumer Staples,S&P 400 (MidCap),5465320960,92.62,296405302.6,NYQ,EQUITY,-0.0023100001,84486248.0,-0.00291,0.355,3.071,profit_margin=-0.0023100001; roe=-0.00291
ELS,Equity Lifestyle Properties,Real Estate,S&P 400 (MidCap),12818555904,63.97,84842771.3,NYQ,EQUITY,0.25625,603528512.0,0.22877,0.064,0.139,current_ratio=0.139
ENTG,Entegris,Information Technology,S&P 400 (MidCap),24532484096,161.08,445297606.00000006,NMS,EQUITY,0.091850005,477787488.0,0.07671,0.115,3.049,roe=0.07671
EQH,Equitable Holdings,Financials,S&P 400 (MidCap),14148361216,51.87,199194804.9,NYQ,EQUITY,-0.08719,-8824250368.0,-0.25131,-0.298,2.03,profit_margin=-0.08719; free_cash_flow=-8824250368; roe=-0.25131; revenue_growth=-0.298
ESAB,ESAB,Industrials,S&P 400 (MidCap),5349539840,86.05,57064918.0,NYQ,EQUITY,0.05747,146126368.0,0.08727,0.129,1.962,roe=0.08727
EVR,Evercore,Financials,S&P 400 (MidCap),11535410176,299.95,168115976.0,NYQ,EQUITY,0.15818,,0.39504,0.188,1.827,free_cash_flow=None
EWBC,East West Bancorp,Financials,S&P 400 (MidCap),18503450624,135.05,75888646.5,NMS,EQUITY,0.50064,,0.16577,0.163,,free_cash_flow=None; current_ratio=None
FAF,First American Financial Corporation,Financials,S&P 400 (MidCap),7381830144,72.3,44697306.0,NYQ,EQUITY,0.09333,2337762560.0,0.13846,0.15,0.396,current_ratio=0.396
FBIN,Fortune Brands Innovations,Industrials,S&P 400 (MidCap),5833683968,48.87,135283888.79999998,NYQ,EQUITY,0.0339,360150016.0,0.06406,-0.041,2.014,roe=0.06406; revenue_growth=-0.041
FFIN,First Financial Bankshares,Financials,S&P 400 (MidCap),5009028096,34.95,22620339.0,NMS,EQUITY,0.42218,,0.14408,0.098,,free_cash_flow=None; current_ratio=None
FHN,First Horizon,Financials,S&P 400 (MidCap),12261352448,25.88,154946406.79999998,NYQ,EQUITY,0.30191,,0.11453,0.09,,free_cash_flow=None; current_ratio=None
FLG,Flagstar Bank,Financials,S&P 400 (MidCap),5898469376,14.21,56561910.3,NYQ,EQUITY,0.023629999,,0.0059100003,0.153,,free_cash_flow=None; roe=0.0059100003; current_ratio=None
FLR,Fluor,Industrials,S&P 400 (MidCap),6958547456,52.03,179740756.8,NYQ,EQUITY,-0.12848,21500000.0,-0.45167,0.088,1.796,profit_margin=-0.12848; roe=-0.45167
FLS,Flowserve,Industrials,S&P 400 (MidCap),10345977856,80.95,147877031.5,NYQ,EQUITY,0.08012,428336256.0,0.16936001,-0.016,2.153,revenue_growth=-0.016
FN,Fabrinet,Information Technology,S&P 400 (MidCap),20490311680,571.88,442492150.0,NYQ,EQUITY,0.0994,-79178376.0,0.1999,0.393,2.549,free_cash_flow=-79178376
FNB,FNB Corporation,Financials,S&P 400 (MidCap),6859425280,19.27,71697310.89999999,NYQ,EQUITY,0.34615,,0.0904,0.068,,free_cash_flow=None; roe=0.0904; current_ratio=None
FND,Floor & Decor,Consumer Discretionary,S&P 400 (MidCap),6318049792,59.33,180235047.2,NYQ,EQUITY,0.04927,140193248.0,0.09694,0.03,1.333,roe=0.09694
FNF,Fidelity National Financial,Financials,S&P 400 (MidCap),12784751616,47.67,75915428.4,NYQ,EQUITY,0.05029,3589125120.0,0.102110006,0.105,0.94,current_ratio=0.94
FOUR,Shift4,Financials,S&P 400 (MidCap),3467928320,43.92,92882455.2,NYQ,EQUITY,0.021960001,353524992.0,0.064899996,0.341,1.211,roe=0.064899996
GATX,GATX,Industrials,S&P 400 (MidCap),6337610240,179.51,40357438.2,NYQ,EQUITY,0.17938,-4936737280.0,0.117989995,0.348,3.302,free_cash_flow=-4936737280
GBCI,Glacier Bancorp,Financials,S&P 400 (MidCap),6403337216,49.18,51868178.8,NYQ,EQUITY,0.27603,,0.07946,0.415,,free_cash_flow=None; roe=0.07946; current_ratio=None
GEF,"Greif, Inc.",Materials,S&P 400 (MidCap),5003774976,88.02,28296669.6,NYQ,EQUITY,0.24743,,,0.035,1.289,free_cash_flow=None; roe=None
GME,GameStop,Consumer Discretionary,S&P 400 (MidCap),8318736384,18.54,179731395.0,NYQ,EQUITY,0.20446,-1261250048.0,0.14095001,0.141,12.401,free_cash_flow=-1261250048
GNTX,Gentex,Consumer Discretionary,S&P 400 (MidCap),4983072768,23.4,48757644.0,NMS,EQUITY,0.15499,368035744.0,0.16354999,-0.01,3.038,revenue_growth=-0.01
GPK,Graphic Packaging,Materials,S&P 400 (MidCap),3458923520,11.69,60479150.2,NYQ,EQUITY,0.02246,237875008.0,0.060100004,-0.007,1.379,roe=0.060100004; revenue_growth=-0.007
GXO,GXO Logistics,Industrials,S&P 400 (MidCap),5520031232,47.98,108213612.2,NYQ,EQUITY,0.0095999995,340624992.0,0.04502,0.043,0.789,roe=0.04502; current_ratio=0.789
H,Hyatt,Consumer Discretionary,S&P 400 (MidCap),16809006080,178.37,195643350.8,NYQ,EQUITY,0.02333,170250000.0,0.02157,-0.066,0.62,roe=0.02157; revenue_growth=-0.066; current_ratio=0.62
HGV,Hilton Grand Vacations,Consumer Discretionary,S&P 400 (MidCap),3490591232,44.91,63355435.2,NYQ,EQUITY,0.0321,-127000000.0,0.11456,0.062,4.814,free_cash_flow=-127000000
HIMS,Hims & Hers Health,Health Care,S&P 400 (MidCap),6992402432,29.97,416017466.1,NYQ,EQUITY,-0.05509,849437248.0,-0.32033002,0.382,0.934,profit_margin=-0.05509; roe=-0.32033002; current_ratio=0.934
HLI,Houlihan Lokey,Financials,S&P 400 (MidCap),8625391616,123.42,153483877.8,NYQ,EQUITY,0.16077,,0.17794001,-0.155,1.664,free_cash_flow=None; revenue_growth=-0.155
HOG,Harley-Davidson,Consumer Discretionary,S&P 400 (MidCap),2702762752,25.97,46009750.5,NYQ,EQUITY,0.0478,122405248.0,0.06093,-0.059,1.903,roe=0.06093; revenue_growth=-0.059
HOMB,Home BancShares,Financials,S&P 400 (MidCap),6225544704,31.12,42434609.6,NYQ,EQUITY,0.43603,,0.11106,0.086,,free_cash_flow=None; current_ratio=None
HR,Healthcare Realty Trust,Real Estate,S&P 400 (MidCap),6737945600,19.21,77452030.60000001,NYQ,EQUITY,-0.07571,493022368.0,-0.019199999,-0.043,0.342,profit_margin=-0.07571; roe=-0.019199999; revenue_growth=-0.043; current_ratio=0.342
HWC,Hancock Whitney,Financials,S&P 400 (MidCap),6340830208,79.04,56631369.6,NMS,EQUITY,0.30262,,0.097040005,0.076,,free_cash_flow=None; roe=0.097040005; current_ratio=None
IBOC,Intl Bancshares Corp,Financials,S&P 400 (MidCap),4521944576,72.71,25500124.1,NMS,EQUITY,0.4934,,0.1292,-0.0,,free_cash_flow=None; current_ratio=None
IDA,Idacorp,Utilities,S&P 400 (MidCap),8210677760,141.95,66531964.99999999,NYQ,EQUITY,0.18781,-1221291392.0,0.094390005,0.042,0.986,free_cash_flow=-1221291392; roe=0.094390005; current_ratio=0.986
IDCC,InterDigital,Information Technology,S&P 400 (MidCap),9069004800,351.43,101011524.9,NMS,EQUITY,0.38323003,600847744.0,0.26403,-0.134,1.743,revenue_growth=-0.134
IPGP,IPG Photonics,Information Technology,S&P 400 (MidCap),3705752064,87.31,40405321.8,NMS,EQUITY,0.02577,48475500.0,0.01302,0.111,6.179,roe=0.01302
IRT,Independence Realty Trust,Real Estate,S&P 400 (MidCap),4057409792,16.79,63148533.2,NYQ,EQUITY,0.06421,186066880.0,0.0125899995,0.03,0.588,roe=0.0125899995; current_ratio=0.588
JEF,Jefferies,Financials,S&P 400 (MidCap),11149948928,54.82,107620431.2,NYQ,EQUITY,0.23019,,,0.35,,free_cash_flow=None; roe=None; current_ratio=None
KBH,KB Home,Consumer Discretionary,S&P 400 (MidCap),3421082880,55.8,51794676.0,NYQ,EQUITY,0.049439996,316819744.0,0.06989,-0.273,5.635,roe=0.06989; revenue_growth=-0.273
KD,Kyndryl,Information Technology,S&P 400 (MidCap),2849062656,13.08,61394119.2,NYQ,EQUITY,0.0058099995,2652624896.0,0.069299996,-0.033,0.848,roe=0.069299996; revenue_growth=-0.033; current_ratio=0.848
KNF,Knife River Corporation,Materials,S&P 400 (MidCap),3826344960,67.42,74524045.4,NYQ,EQUITY,0.042290002,-3501250.0,0.09122,0.126,2.665,free_cash_flow=-3501250; roe=0.09122
KNSL,Kinsale Capital Group,Financials,S&P 400 (MidCap),8508196864,373.52,101716966.4,NYQ,EQUITY,0.28492,982102720.0,0.30268,0.168,0.194,current_ratio=0.194
KNX,Knight-Swift,Industrials,S&P 400 (MidCap),11606129664,71.31,249918730.8,NYQ,EQUITY,0.00555,491255488.0,0.00611,0.126,0.877,roe=0.00611; current_ratio=0.877
KRC,Kilroy Realty Corp,Real Estate,S&P 400 (MidCap),4256118272,36.24,39836820.0,NYQ,EQUITY,0.1547,718001472.0,0.03431,-0.06,1.103,roe=0.03431; revenue_growth=-0.06
KRG,Kite Realty Group Trust,Real Estate,S&P 400 (MidCap),5470273536,26.31,90259875.3,NYQ,EQUITY,0.41806,152751120.0,0.10738,-0.08,0.929,revenue_growth=-0.08; current_ratio=0.929
KTOS,Kratos Defense & Security Solutions,Industrials,S&P 400 (MidCap),11967524864,63.82,290469071.6,NMS,EQUITY,0.020299999,-118287504.0,0.011469999,0.305,5.541,free_cash_flow=-118287504; roe=0.011469999
LAMR,Lamar Advertising Company,Real Estate,S&P 400 (MidCap),15645759488,154.07,125801236.4,NMS,EQUITY,0.23905,564673344.0,0.59433,0.065,0.627,current_ratio=0.627
LFUS,Littelfuse,Information Technology,S&P 400 (MidCap),11658279936,459.01,126048736.1,NMS,EQUITY,-0.00308,364767136.0,-0.0030899998,0.204,2.761,profit_margin=-0.00308; roe=-0.0030899998
LPX,Louisiana-Pacific,Industrials,S&P 400 (MidCap),5150558720,73.66,104659811.0,NYQ,EQUITY,0.02187,-96000000.0,0.03098,-0.121,3.221,free_cash_flow=-96000000; roe=0.03098; revenue_growth=-0.121
LSCC,Lattice Semiconductor,Information Technology,S&P 400 (MidCap),18323920896,129.27,280850709.3,NMS,EQUITY,0.05579,155063248.0,0.04927,0.622,3.024,roe=0.04927
MANH,Manhattan Associates,Information Technology,S&P 400 (MidCap),11231287296,192.63,188243814.9,NMS,EQUITY,0.18667999,321116384.0,0.96378,0.093,0.983,current_ratio=0.983
MEDP,Medpace,Health Care,S&P 400 (MidCap),16662700032,596.98,136851695.20000002,NMS,EQUITY,0.17665,510396512.0,1.6215401,0.172,0.732,current_ratio=0.732
MIDD,Middleby,Industrials,S&P 400 (MidCap),5378264064,118.95,72934192.5,NMS,EQUITY,-0.13906,,0.10974,-0.105,1.987,profit_margin=-0.13906; free_cash_flow=None; revenue_growth=-0.105
MMS,Maximus Inc.,Industrials,S&P 400 (MidCap),2850356480,54.44,42841558.0,NYQ,EQUITY,0.07067,354073760.0,0.21112,-0.051,2.421,revenue_growth=-0.051
MOH,Molina Healthcare,Health Care,S&P 400 (MidCap),10756331520,206.06,125603873.0,NYQ,EQUITY,-0.00016000001,700249984.0,-0.0016,-0.057,1.679,profit_margin=-0.00016000001; roe=-0.0016; revenue_growth=-0.057
MP,MP Materials,Materials,S&P 400 (MidCap),9637076992,54.11,442107919.4,NYQ,EQUITY,-0.14563,-432948864.0,-0.03585,1.197,9.51,profit_margin=-0.14563; free_cash_flow=-432948864; roe=-0.03585
MTDR,Matador Resources,Energy,S&P 400 (MidCap),6498333696,52.51,116035022.7,NYQ,EQUITY,0.18847999,-907763968.0,0.13592,0.268,0.65,free_cash_flow=-907763968; current_ratio=0.65
MTG,MGIC Investment Corporation,Financials,S&P 400 (MidCap),6285024768,30.64,52809878.4,NYQ,EQUITY,0.59204,518861888.0,0.13923,-0.029,4.964,revenue_growth=-0.029
MTN,Vail Resorts,Consumer Discretionary,S&P 400 (MidCap),5286590464,148.36,68870195.60000001,NYQ,EQUITY,0.05539,134862496.0,0.1685,-0.07,0.911,revenue_growth=-0.07; current_ratio=0.911
MTZ,MasTec,Industrials,S&P 400 (MidCap),22574522368,281.11,527255538.2000001,NYQ,EQUITY,0.03069,-57898876.0,0.16176,0.234,1.4,free_cash_flow=-57898876
MUR,Murphy Oil,Energy,S&P 400 (MidCap),5055618048,35.26,71106373.8,NYQ,EQUITY,0.09826,344718368.0,0.06461,0.356,0.854,roe=0.06461; current_ratio=0.854
MUSA,Murphy USA,Consumer Discretionary,S&P 400 (MidCap),10052763648,546.93,188843990.4,NYQ,EQUITY,0.03232,386800000.0,0.86394,0.408,0.925,current_ratio=0.925
MZTI,The Marzetti Company,Consumer Staples,S&P 400 (MidCap),3178253824,115.9,34497635.0,NMS,EQUITY,0.090629995,186684496.0,0.17231001,-0.01,2.584,revenue_growth=-0.01
NFG,National Fuel Gas,Utilities,S&P 400 (MidCap),7767085568,81.72,62823884.4,NYQ,EQUITY,0.26864,-24765500.0,0.19576,0.011,3.201,free_cash_flow=-24765500
NJR,New Jersey Resources,Utilities,S&P 400 (MidCap),5587018752,55.36,44454080.0,NYQ,EQUITY,0.16423,-259436368.0,0.14453,0.168,0.661,free_cash_flow=-259436368; current_ratio=0.661
NLY,Annaly Capital Management,Financials,S&P 400 (MidCap),17418340352,23.11,181628654.1,NYQ,EQUITY,0.90681,,0.19567,4.794,0.558,free_cash_flow=None; current_ratio=0.558
NNN,NNN Reit,Real Estate,S&P 400 (MidCap),8792377344,45.81,65869282.8,NYQ,EQUITY,0.40353,-1371816320.0,0.08719,0.077,0.179,free_cash_flow=-1371816320; roe=0.08719; current_ratio=0.179
NOV,NOV Inc.,Energy,S&P 400 (MidCap),7453957120,20.91,66028970.7,NYQ,EQUITY,0.011,673374976.0,0.01545,-0.025,2.422,roe=0.01545; revenue_growth=-0.025
NOVT,Novanta,Information Technology,S&P 400 (MidCap),6317079552,167.04,83979360.0,NMS,EQUITY,0.05998,118383248.0,0.051090002,0.103,4.569,roe=0.051090002
NTNX,Nutanix,Information Technology,S&P 400 (MidCap),17476220928,64.65,151870608.0,NMS,EQUITY,0.10032,631740864.0,,0.1,1.777,roe=None
NVST,Envista Holdings,Health Care,S&P 400 (MidCap),4611334144,28.71,106980350.4,NYQ,EQUITY,0.03326,275762496.0,0.030569999,0.071,2.425,roe=0.030569999
NWE,NorthWestern Energy,Utilities,S&P 400 (MidCap),4340699136,70.56,27368812.8,NMS,EQUITY,0.10132,-242985632.0,0.05935,0.146,0.826,free_cash_flow=-242985632; roe=0.05935; current_ratio=0.826
NXST,Nexstar Media Group,Communication Services,S&P 400 (MidCap),5703848448,185.14,68251861.0,NMS,EQUITY,0.03199,800625024.0,0.07434,0.622,1.562,roe=0.07434
OC,Owens Corning,Industrials,S&P 400 (MidCap),12324480000,155.91,148056813.29999998,NYQ,EQUITY,-0.06814,885124992.0,-0.094510004,0.003,1.16,profit_margin=-0.06814; roe=-0.094510004
OGE,OGE Energy,Utilities,S&P 400 (MidCap),9678955520,46.9,68102083.0,NYQ,EQUITY,0.14435,126750000.0,0.09703,-0.04,0.767,roe=0.09703; revenue_growth=-0.04; current_ratio=0.767
OGS,One Gas,Utilities,S&P 400 (MidCap),5052386816,80.38,43811119.0,NYQ,EQUITY,0.124689996,-219928128.0,0.085760005,-0.029,0.481,free_cash_flow=-219928128; roe=0.085760005; revenue_growth=-0.029; current_ratio=0.481
OHI,Omega Healthcare Investors,Real Estate,S&P 400 (MidCap),14467180544,45.87,88477266.89999999,NYQ,EQUITY,0.68055,665501376.0,0.16529,0.112,0.444,current_ratio=0.444
OKTA,"Okta, Inc.",Information Technology,S&P 400 (MidCap),25828532224,147.3,362796954.0,NMS,EQUITY,0.082440004,977750016.0,0.036679998,0.112,1.43,roe=0.036679998
OLED,Universal Display,Information Technology,S&P 400 (MidCap),4229408768,92.01,78729276.60000001,NMS,EQUITY,0.32243,111837128.0,0.115159996,-0.114,8.498,revenue_growth=-0.114
OLN,Olin Corporation,Materials,S&P 400 (MidCap),2133752064,18.72,73765598.39999999,NYQ,EQUITY,-0.02937,311800000.0,-0.10585,-0.009,1.418,profit_margin=-0.02937; roe=-0.10585; revenue_growth=-0.009
ONB,Old National Bank,Financials,S&P 400 (MidCap),10359995392,27.08,100235807.6,NMS,EQUITY,0.33310002,,0.106079996,0.288,,free_cash_flow=None; current_ratio=None
ONTO,Onto Innovation,Information Technology,S&P 400 (MidCap),20619991040,337.35,455449488.00000006,NYQ,EQUITY,0.11838,198759744.0,0.06825,0.353,9.726,roe=0.06825
ORA,Ormat Technologies,Utilities,S&P 400 (MidCap),6973753344,113.4,113509998.0,NYQ,EQUITY,0.10656,-318099008.0,0.04778,0.106,1.046,free_cash_flow=-318099008; roe=0.04778
ORI,Old Republic International,Financials,S&P 400 (MidCap),10253657088,42.47,50342239.2,NYQ,EQUITY,0.11715,1418687488.0,0.18571,0.134,0.294,current_ratio=0.294
OVV,Ovintiv,Energy,S&P 400 (MidCap),17481119744,63.2,195969296.0,NYQ,EQUITY,0.09661,1230499968.0,0.08411,0.297,1.008,roe=0.08411
OZK,Bank OZK,Financials,S&P 400 (MidCap),5685221376,52.14,43537421.4,NMS,EQUITY,0.44533002,,0.113290004,-0.021,,free_cash_flow=None; revenue_growth=-0.021; current_ratio=None
P,Everpure,Information Technology,S&P 400 (MidCap),37029908480,111.4,352392734.0,NYQ,EQUITY,0.05746,267954368.0,0.16846001,,1.617,revenue_growth=None
PAG,Penske Automotive Group,Consumer Discretionary,S&P 400 (MidCap),14314506240,218.0,91023720.0,NYQ,EQUITY,0.02814,218100000.0,0.15842,0.06,0.975,current_ratio=0.975
PB,Prosperity Bancshares,Financials,S&P 400 (MidCap),8948362240,74.46,70386293.39999999,NYQ,EQUITY,0.40417,,0.07071,0.259,,free_cash_flow=None; roe=0.07071; current_ratio=None
PFGC,Performance Food Group,Consumer Staples,S&P 400 (MidCap),16873022464,107.41,203473207.6,NYQ,EQUITY,0.00558,713825024.0,0.076680005,0.073,1.514,roe=0.076680005
PII,Polaris,Consumer Discretionary,S&P 400 (MidCap),3899029248,68.52,51877177.2,NYQ,EQUITY,-0.03464,277100000.0,-0.25571,0.088,1.2,profit_margin=-0.03464; roe=-0.25571
PINS,Pinterest,Communication Services,S&P 400 (MidCap),12827601920,22.9,314793476.0,NYQ,EQUITY,0.054640003,1196440960.0,0.06461,0.182,3.81,roe=0.06461
PK,Park Hotels & Resorts,Real Estate,S&P 400 (MidCap),2989874432,14.85,66007507.5,NYQ,EQUITY,-0.064050004,1012875008.0,-0.04859,0.01,0.335,profit_margin=-0.064050004; roe=-0.04859; current_ratio=0.335
PLNT,Planet Fitness,Consumer Discretionary,S&P 400 (MidCap),3660483328,48.26,117700348.8,NYQ,EQUITY,0.18273,156152992.0,,0.045,1.584,roe=None
PNFP,Pinnacle Financial Partners,Financials,S&P 400 (MidCap),16143364096,106.83,105055553.7,NYQ,EQUITY,0.24855,,0.07648,1.37,,free_cash_flow=None; roe=0.07648; current_ratio=None
POR,Portland General Electric,Utilities,S&P 400 (MidCap),5739257856,48.8,54870232.0,NYQ,EQUITY,0.07272,-415750016.0,0.06445,0.009,0.977,free_cash_flow=-415750016; roe=0.06445; current_ratio=0.977
POST,Post Holdings,Consumer Staples,S&P 400 (MidCap),3652093952,80.58,102682288.2,NYQ,EQUITY,0.03484,394649984.0,0.082779996,-0.018,1.851,roe=0.082779996; revenue_growth=-0.018
PPC,Pilgrim's Pride,Consumer Staples,S&P 400 (MidCap),6395595264,26.86,42338612.2,NMS,EQUITY,0.029590001,508525376.0,0.1452,-0.028,1.355,revenue_growth=-0.028
PR,Permian Resources,Energy,S&P 400 (MidCap),17965598720,21.45,192432454.5,NYQ,EQUITY,0.21523,458368128.0,0.114029996,0.551,0.624,current_ratio=0.624
PSN,Parsons Corporation,Industrials,S&P 400 (MidCap),5156563968,48.28,96034713.6,NYQ,EQUITY,0.025020001,213456128.0,0.082440004,-0.005,1.662,roe=0.082440004; revenue_growth=-0.005
PVH,PVH Corp.,Consumer Discretionary,S&P 400 (MidCap),3761959168,81.59,73668426.9,NYQ,EQUITY,0.01758,465637504.0,0.033239998,0.021,1.677,roe=0.033239998
R,Ryder,Industrials,S&P 400 (MidCap),10083692544,262.96,74507086.39999999,NYQ,EQUITY,0.03877,949249984.0,0.16697,0.05,0.646,current_ratio=0.646
RBA,RB Global,Industrials,S&P 400 (MidCap),16107497472,86.46,195057218.4,NYQ,EQUITY,0.09988,603587520.0,0.08066,0.111,1.312,roe=0.08066
RBC,RBC Bearings,Industrials,S&P 400 (MidCap),17591459840,555.65,142879841.0,NYQ,EQUITY,0.16404,283237504.0,0.09747,0.192,2.53,roe=0.09747
REXR,Rexford Industrial Realty,Real Estate,S&P 400 (MidCap),8320041984,36.39,86843279.4,NYQ,EQUITY,-0.39163,341792384.0,-0.047280002,-0.016,0.344,profit_margin=-0.39163; roe=-0.047280002; revenue_growth=-0.016; current_ratio=0.344
RGEN,Repligen,Health Care,S&P 400 (MidCap),9351382016,165.7,168662716.0,NMS,EQUITY,0.05291,113421752.0,0.0199,0.119,9.05,roe=0.0199
RGLD,Royal Gold,Materials,S&P 400 (MidCap),19730575360,232.87,182900755.4,NMS,EQUITY,0.48054,-189505504.0,0.136,1.155,2.924,free_cash_flow=-189505504
RH,RH,Consumer Discretionary,S&P 400 (MidCap),3411451136,180.25,138347282.5,NYQ,EQUITY,0.030079998,285438016.0,,-0.017,1.127,roe=None; revenue_growth=-0.017
RNR,RenaissanceRe,Financials,S&P 400 (MidCap),13190648832,317.45,83759182.5,NYQ,EQUITY,0.23584999,2787289856.0,0.21475,-0.132,1.352,revenue_growth=-0.132
ROIV,Roivant Sciences,Health Care,S&P 400 (MidCap),26119200768,36.16,222180057.6,NMS,EQUITY,0.0,-1127230080.0,-0.08515,-0.335,16.721,profit_margin=0.0; free_cash_flow=-1127230080; roe=-0.08515; revenue_growth=-0.335
RRC,Range Resources,Energy,S&P 400 (MidCap),9389243392,40.18,92827854.0,NYQ,EQUITY,0.26308,454483360.0,0.19475001,0.086,0.649,current_ratio=0.649
RRX,Regal Rexnord,Industrials,S&P 400 (MidCap),11513733120,172.9,283296650.0,NYQ,EQUITY,0.05348,475187488.0,0.047670003,0.042,2.276,roe=0.047670003
RYAN,Ryan Specialty,Financials,S&P 400 (MidCap),16719560704,42.87,102247093.5,NYQ,EQUITY,0.03131,584760128.0,0.22092,0.074,0.998,current_ratio=0.998
RYN,Rayonier,Real Estate,S&P 400 (MidCap),6505271808,21.51,70135721.10000001,NYQ,EQUITY,0.07828,111029624.0,0.02015,2.721,3.562,roe=0.02015
SANM,Sanmina Corporation,Information Technology,S&P 400 (MidCap),11196487680,208.9,168855959.0,NMS,EQUITY,0.02414,-222215744.0,0.12488,0.697,1.78,free_cash_flow=-222215744
SBRA,Sabra Health Care REIT,Real Estate,S&P 400 (MidCap),5157793280,20.19,61709119.8,NMS,EQUITY,0.07576,155119744.0,0.02388,0.253,3.574,roe=0.02388
SCI,Service Corp Intl,Consumer Discretionary,S&P 400 (MidCap),11503009792,84.4,96508868.0,NYQ,EQUITY,0.12302,315907872.0,0.34714,0.036,0.531,current_ratio=0.531
SF,Stifel,Financials,S&P 400 (MidCap),12826087424,84.94,78470969.6,NYQ,EQUITY,0.16344999,,0.16427,0.127,0.895,free_cash_flow=None; current_ratio=0.895
SFM,Sprouts Farmers Market,Consumer Staples,S&P 400 (MidCap),8025822720,86.07,171410987.1,NMS,EQUITY,0.05585,398699872.0,0.35197,0.047,0.992,current_ratio=0.992
SGI,Somnigroup International,Consumer Discretionary,S&P 400 (MidCap),13515982848,64.25,199768027.5,NYQ,EQUITY,0.07002,687912512.0,0.17516,-0.03,0.748,revenue_growth=-0.03; current_ratio=0.748
SIGI,Selective Insurance Group,Financials,S&P 400 (MidCap),5592863744,93.84,39862293.6,NMS,EQUITY,0.090959996,1355778304.0,0.14152999,0.045,0.318,current_ratio=0.318
SIRI,SiriusXM,Communication Services,S&P 400 (MidCap),9586182144,28.44,140709744.0,NMS,EQUITY,0.102290004,1186000000.0,0.07574,0.01,0.458,roe=0.07574; current_ratio=0.458
SITM,SiTime,Information Technology,S&P 400 (MidCap),20463941632,680.52,416872941.6,NGM,EQUITY,0.03012,24747500.0,0.013259999,1.265,19.445,roe=0.013259999
SLAB,Silicon Labs,Information Technology,S&P 400 (MidCap),7301648384,218.83,45866768.0,NMS,EQUITY,-0.045689996,-13706625.0,-0.03628,0.183,5.407,profit_margin=-0.045689996; free_cash_flow=-13706625; roe=-0.03628
SLM,SLM Corp,Financials,S&P 400 (MidCap),5258359808,27.97,61581828.7,NMS,EQUITY,0.43625,,0.30333,0.081,1.334,free_cash_flow=None
SMG,Scotts Miracle-Gro Company,Materials,S&P 400 (MidCap),3619554304,62.17,67245558.8,NYQ,EQUITY,0.02121,248500000.0,,0.011,1.215,roe=None
SMTC,Semtech,Information Technology,S&P 400 (MidCap),13041163264,140.0,284793600.0,NMS,EQUITY,-0.03042,132511376.0,-0.05806,0.159,2.37,profit_margin=-0.03042; roe=-0.05806
SOLS,Solstice Advanced Materials,Materials,S&P 400 (MidCap),9881894912,62.21,156173228.2,NMS,EQUITY,0.05128,-27375000.0,0.112629995,0.111,1.459,free_cash_flow=-27375000
SON,Sonoco,Materials,S&P 400 (MidCap),5744270848,58.1,59390982.0,NYQ,EQUITY,0.08412,527077760.0,0.18855,-0.013,0.995,revenue_growth=-0.013; current_ratio=0.995
SR,Spire,Utilities,S&P 400 (MidCap),4889220096,82.71,41166421.2,NYQ,EQUITY,0.20559,-326512512.0,0.081099994,0.192,0.37,free_cash_flow=-326512512; roe=0.081099994; current_ratio=0.37
SSB,South State Bank,Financials,S&P 400 (MidCap),10702109696,110.36,107573410.0,NYQ,EQUITY,0.35508,,0.105979994,-0.001,,free_cash_flow=None; revenue_growth=-0.001; current_ratio=None
ST,Sensata Technologies,Industrials,S&P 400 (MidCap),6716480000,46.15,71228833.0,NYQ,EQUITY,0.023810001,504049504.0,0.03079,0.05,2.291,roe=0.03079
STAG,STAG Industrial,Real Estate,S&P 400 (MidCap),7269888512,36.94,55538181.8,NYQ,EQUITY,0.28053,469642880.0,0.069759995,0.081,1.816,roe=0.069759995
STWD,Starwood Property Trust,Financials,S&P 400 (MidCap),6250996736,16.46,99610652.8,NYQ,EQUITY,0.38158,,0.03689,0.134,12.868,free_cash_flow=None; roe=0.03689
SWX,Southwest Gas Corp,Utilities,S&P 400 (MidCap),6677334528,92.17,46602073.7,NYQ,EQUITY,0.31398,-390807360.0,0.06832,-0.096,1.116,free_cash_flow=-390807360; roe=0.06832; revenue_growth=-0.096
SYNA,Synaptics,Information Technology,S&P 400 (MidCap),4303332352,110.04,79683265.2,NMS,EQUITY,-0.40995997,149650000.0,-0.42229998,0.089,1.122,profit_margin=-0.40995997; roe=-0.42229998
TCBI,Texas Capital Bancshares,Financials,S&P 400 (MidCap),4384824832,100.86,36484087.8,NMS,EQUITY,0.28702,,0.10188,0.086,,free_cash_flow=None; current_ratio=None
TEX,Terex,Industrials,S&P 400 (MidCap),7795259904,68.2,95464996.0,NYQ,EQUITY,0.02232,232250000.0,0.042090002,0.505,1.818,roe=0.042090002
THG,Hanover Insurance,Financials,S&P 400 (MidCap),7736356352,222.18,68431440.0,NYQ,EQUITY,0.1117,1081224960.0,0.21885,0.043,0.36,current_ratio=0.36
THO,Thor Industries,Consumer Discretionary,S&P 400 (MidCap),4110970624,78.97,43172109.3,NYQ,EQUITY,0.026730001,148253872.0,0.06091,-0.039,1.707,roe=0.06091; revenue_growth=-0.039
TKR,Timken,Industrials,S&P 400 (MidCap),9051660288,130.25,152749385.0,NYQ,EQUITY,0.05435,354212512.0,0.08538,0.075,3.095,roe=0.08538
TLN,Talen Energy,Utilities,S&P 400 (MidCap),17492060160,365.07,303599513.4,NMS,EQUITY,-0.049450003,1261750016.0,-0.12825,1.112,0.781,profit_margin=-0.049450003; roe=-0.12825; current_ratio=0.781
TNL,Travel + Leisure Co.,Consumer Discretionary,S&P 400 (MidCap),4576546304,74.68,55207936.8,NYQ,EQUITY,0.05789,556374976.0,,0.044,3.202,roe=None
TOL,Toll Brothers,Consumer Discretionary,S&P 400 (MidCap),13883247616,148.53,112774373.1,NYQ,EQUITY,0.1166,631238144.0,0.15657,-0.076,4.603,revenue_growth=-0.076
TTEK,Tetra Tech,Industrials,S&P 400 (MidCap),9089576960,35.5,103992635.0,NMS,EQUITY,0.100030005,396642240.0,0.24297,-0.039,1.184,revenue_growth=-0.039
TTMI,TTM Technologies,Information Technology,S&P 400 (MidCap),14548678656,138.1,478091152.0,NMS,EQUITY,0.07011,-19442376.0,0.13260001,0.374,1.78,free_cash_flow=-19442376
TXNM,TXNM Energy,Utilities,S&P 400 (MidCap),5907633664,57.33,47173417.2,NYQ,EQUITY,0.08768,-529223744.0,0.06252,0.092,0.557,free_cash_flow=-529223744; roe=0.06252; current_ratio=0.557
TXRH,Texas Roadhouse,Consumer Discretionary,S&P 400 (MidCap),14065538048,214.28,211140798.0,NMS,EQUITY,0.066300005,235890752.0,0.27714002,0.111,0.458,current_ratio=0.458
UBSI,United Bankshares,Financials,S&P 400 (MidCap),6660795392,48.9,37619748.0,NMS,EQUITY,0.41196,,0.09474,0.062,,free_cash_flow=None; roe=0.09474; current_ratio=None
UFPI,UFP Industries,Industrials,S&P 400 (MidCap),5062170112,91.77,47144084.4,NMS,EQUITY,0.03994,117891504.0,0.0802,0.026,3.981,roe=0.0802
UGI,UGI Corp,Utilities,S&P 400 (MidCap),7528772608,35.1,59924826.0,NYQ,EQUITY,0.09197,-236250000.0,0.13279,-0.045,1.439,free_cash_flow=-236250000; revenue_growth=-0.045
UMBF,UMB Financial Corp.,Financials,S&P 400 (MidCap),11350731776,149.45,86394056.0,NMS,EQUITY,0.33501,,0.12309,0.122,,free_cash_flow=None; current_ratio=None
UNM,Unum,Financials,S&P 400 (MidCap),14665861120,91.79,141213407.60000002,NYQ,EQUITY,0.052649997,-2231912448.0,0.06351,0.003,17.258,free_cash_flow=-2231912448; roe=0.06351
UTHR,United Therapeutics,Health Care,S&P 400 (MidCap),21948024832,511.72,321948638.0,NMS,EQUITY,0.41557,557137472.0,0.19315,-0.019,5.732,revenue_growth=-0.019
VAL,Valaris,Energy,S&P 400 (MidCap),5916624896,85.21,100506899.2,NYQ,EQUITY,0.43954,79725000.0,0.33619,-0.124,1.547,revenue_growth=-0.124
VC,Visteon,Consumer Discretionary,S&P 400 (MidCap),2839976704,106.39,42183635.0,NMS,EQUITY,0.037839998,203124992.0,0.09538999,-0.009,1.775,roe=0.09538999; revenue_growth=-0.009
VFC,VF Corporation,Consumer Discretionary,S&P 400 (MidCap),5727970304,14.57,123668848.7,NYQ,EQUITY,0.05546,781847872.0,0.22092,-0.052,1.443,revenue_growth=-0.052
VIAV,Viavi Solutions,Information Technology,S&P 400 (MidCap),10634618880,43.11,253995066.9,NMS,EQUITY,-0.02002,,-0.02728,0.525,1.846,profit_margin=-0.02002; free_cash_flow=None; roe=-0.02728
VLY,Valley Bank,Financials,S&P 400 (MidCap),8250396672,14.93,89798575.2,NMS,EQUITY,0.34535998,,0.08953,0.15,,free_cash_flow=None; roe=0.08953; current_ratio=None
VNO,Vornado Realty Trust,Real Estate,S&P 400 (MidCap),8033990656,39.23,65106892.6,NYQ,EQUITY,0.03616,445744128.0,0.00603,0.05,5.343,roe=0.00603
VNOM,Viper Energy,Energy,S&P 400 (MidCap),22127876096,42.23,78316379.6,NMS,EQUITY,0.03051,46000000.0,0.0109,1.152,6.374,roe=0.0109
VNT,Vontier,Information Technology,S&P 400 (MidCap),4518383616,33.42,67015455.0,NYQ,EQUITY,0.11342,347624992.0,0.289,-0.022,1.252,revenue_growth=-0.022
VOYA,Voya Financial,Financials,S&P 400 (MidCap),9013431296,99.49,108168512.7,NYQ,EQUITY,0.07446,1433500032.0,0.096099995,-0.043,5.669,roe=0.096099995; revenue_growth=-0.043
VVV,Valvoline,Consumer Discretionary,S&P 400 (MidCap),4249079808,33.3,90129114.0,NYQ,EQUITY,0.051680002,72525000.0,0.28399,0.241,0.702,current_ratio=0.702
WAL,Western Alliance Bancorporation,Financials,S&P 400 (MidCap),9013913600,82.62,71764558.2,NYQ,EQUITY,0.28198,,0.13019,0.136,,free_cash_flow=None; current_ratio=None
WBS,Webster Bank,Financials,S&P 400 (MidCap),12811983872,79.07,413954380.3,NYQ,EQUITY,0.36834,,0.10682,0.058,,free_cash_flow=None; current_ratio=None
WFRD,Weatherford International,Energy,S&P 400 (MidCap),6645240320,92.7,76701834.0,NMS,EQUITY,0.0766,558000000.0,0.22793,-0.082,2.344,revenue_growth=-0.082
WH,Wyndham Hotels & Resorts,Consumer Discretionary,S&P 400 (MidCap),5493106688,74.02,100907765.0,NYQ,EQUITY,0.14598,362375008.0,0.39429,-0.055,0.988,revenue_growth=-0.055; current_ratio=0.988
WHR,Whirlpool Corporation,Consumer Discretionary,S&P 400 (MidCap),2793793280,42.85,116426449.5,NYQ,EQUITY,0.01253,-485375008.0,0.05933,-0.068,1.149,free_cash_flow=-485375008; roe=0.05933; revenue_growth=-0.068
WING,Wingstop,Consumer Discretionary,S&P 400 (MidCap),3053344512,112.08,159144633.6,NMS,EQUITY,0.16152,98595000.0,,0.064,2.967,roe=None
WLK,Westlake Corporation,Materials,S&P 400 (MidCap),10117652480,79.17,116976841.8,NYQ,EQUITY,-0.10935,23125000.0,-0.11911,0.108,2.453,profit_margin=-0.10935; roe=-0.11911
WMG,Warner Music Group,Communication Services,S&P 400 (MidCap),12967890944,24.79,68303639.1,NMS,EQUITY,0.092,382249984.0,0.70074,0.104,0.734,current_ratio=0.734
WPC,W. P. Carey,Real Estate,S&P 400 (MidCap),16103695360,70.69,92006569.5,NYQ,EQUITY,0.35761002,1096111872.0,0.077800006,0.184,1.164,roe=0.077800006
WTFC,Wintrust Financial,Financials,S&P 400 (MidCap),10969966592,162.6,106368042.0,NMS,EQUITY,0.32639998,,0.12208,0.102,,free_cash_flow=None; current_ratio=None
WTRG,Essential Utilities,Utilities,S&P 400 (MidCap),11311415296,39.86,84592486.4,NYQ,EQUITY,0.21601,-653414272.0,0.08078,0.031,0.777,free_cash_flow=-653414272; roe=0.08078; current_ratio=0.777
XRAY,Dentsply Sirona,Health Care,S&P 400 (MidCap),2274627584,11.41,61894343.7,NMS,EQUITY,-0.14987999,141624992.0,-0.33031,-0.041,1.627,profit_margin=-0.14987999; roe=-0.33031; revenue_growth=-0.041
ZION,Zions Bancorporation,Financials,S&P 400 (MidCap),10496965632,71.92,93431272.0,NMS,EQUITY,0.3176,,0.16404,0.352,,free_cash_flow=None; current_ratio=None
AAP,"Advance Auto Parts, Inc.",Consumer Discretionary,S&P 600 (SmallCap),3228819200,53.52,60763932.0,NYQ,EQUITY,0.0050999997,-228000000.0,0.030840002,0.012,1.778,free_cash_flow=-228000000; roe=0.030840002
ABCB,Ameris Bancorp,Financials,S&P 600 (SmallCap),5943688192,88.57,28531939.8,NYQ,EQUITY,0.31804,,0.09398,0.036,,free_cash_flow=None; roe=0.09398; current_ratio=None
ABG,Asbury Automotive Group,Consumer Discretionary,S&P 600 (SmallCap),3759310848,209.41,51167239.4,NYQ,EQUITY,0.02834,360600000.0,0.13233,0.003,0.91,current_ratio=0.91
ABM,"ABM Industries, Inc.",Industrials,S&P 600 (SmallCap),2837074176,48.43,18927412.6,NYQ,EQUITY,0.0175,284024992.0,0.08866999,0.084,1.462,roe=0.08866999
ACA,"Arcosa, Inc.",Industrials,S&P 600 (SmallCap),7122942464,145.05,89305834.5,NYQ,EQUITY,0.16836001,60250000.0,0.080299996,0.017,3.119,roe=0.080299996
ACHC,Acadia Healthcare,Health Care,S&P 600 (SmallCap),2951278592,31.7,64542151.0,NMS,EQUITY,-0.33443,-104957000.0,-0.41445,-0.004,1.572,profit_margin=-0.33443; free_cash_flow=-104957000; roe=-0.41445; revenue_growth=-0.004
ACLS,"Axcelis Technologies, Inc.",Information Technology,S&P 600 (SmallCap),4389494784,142.14,64471861.2,NMS,EQUITY,0.10714,42032248.0,0.088870004,0.106,4.896,roe=0.088870004
ACMR,"ACM Research, Inc.",Information Technology,S&P 600 (SmallCap),5659694080,81.26,79143989.60000001,NGM,EQUITY,0.14476,-186610256.0,0.11627,0.36,3.656,free_cash_flow=-186610256
ACT,"Enact Holdings, Inc.",Financials,S&P 600 (SmallCap),6788943360,49.38,19306098.6,NMS,EQUITY,0.54507,521546880.0,0.12869,0.041,0.922,current_ratio=0.922
ADT,ADT Inc.,Consumer Discretionary,S&P 600 (SmallCap),5340387840,7.31,65745628.3,NYQ,EQUITY,0.118640006,1197478400.0,0.17212999,0.02,0.69,current_ratio=0.69
ADUS,Addus HomeCare Corp.,Health Care,S&P 600 (SmallCap),2203563520,118.06,28251758.0,NMS,EQUITY,0.071329996,119751504.0,0.09706,0.08,1.69,roe=0.09706
AGO,Assured Guaranty Ltd.,Financials,S&P 600 (SmallCap),3287885568,74.76,28553834.4,NYQ,EQUITY,0.43173,14625000.0,0.06666,-0.005,0.99,roe=0.06666; revenue_growth=-0.005; current_ratio=0.99
AIR,AAR Corp.,Industrials,S&P 600 (SmallCap),5964749824,148.16,41732227.2,NYQ,EQUITY,0.056739997,-50362500.0,0.12876001,0.23,2.841,free_cash_flow=-50362500
AKR,Acadia Realty Trust,Real Estate,S&P 600 (SmallCap),3017916928,20.7,31552389.0,NYQ,EQUITY,0.13208,187720752.0,0.057150003,0.134,1.245,roe=0.057150003
ALG,Alamo Group,Industrials,S&P 600 (SmallCap),2010886912,165.22,25148136.2,NYQ,EQUITY,0.0608,91344752.0,0.08771,0.076,4.391,roe=0.08771
ALGT,Allegiant Travel Company,Industrials,S&P 600 (SmallCap),2308400128,84.44,43972130.0,NMS,EQUITY,0.00898,194582624.0,0.018339999,0.369,0.832,roe=0.018339999; current_ratio=0.832
ALKS,Alkermes plc,Health Care,S&P 600 (SmallCap),8435136512,50.28,79350387.60000001,NMS,EQUITY,0.03965,153381376.0,0.03852,0.27,2.3,roe=0.03852
AMR,"Alpha Metallurgical Resources, Inc.",Materials,S&P 600 (SmallCap),2022561280,159.52,50797548.8,NYQ,EQUITY,-0.02231,52462248.0,-0.0296,-0.104,3.405,profit_margin=-0.02231; roe=-0.0296; revenue_growth=-0.104
AMRX,Amneal Pharmaceuticals,Health Care,S&P 600 (SmallCap),6150907904,17.66,35351788.0,NMS,EQUITY,0.050479997,-115327128.0,6.1301703,0.099,2.205,free_cash_flow=-115327128
AMTM,Amentum,Industrials,S&P 600 (SmallCap),5506284544,22.52,54203613.2,NYQ,EQUITY,0.01444,484249984.0,0.04287,-0.02,1.523,roe=0.04287; revenue_growth=-0.02
ANDE,"The Andersons, Inc.",Consumer Staples,S&P 600 (SmallCap),2234286592,65.61,25373355.3,NMS,EQUITY,0.016210001,-109108872.0,0.12159,-0.012,1.51,free_cash_flow=-109108872; revenue_growth=-0.012
APLE,"Apple Hospitality REIT, Inc.",Real Estate,S&P 600 (SmallCap),3713580800,15.73,58221449.0,NYQ,EQUITY,0.12166,360905376.0,0.05529,0.047,0.291,roe=0.05529; current_ratio=0.291
ARCB,ArcBest Corp.,Industrials,S&P 600 (SmallCap),3143270912,140.63,57652674.8,NMS,EQUITY,0.0038800002,148348992.0,0.01269,0.159,0.968,roe=0.01269; current_ratio=0.968
AROC,"Archrock, Inc.",Energy,S&P 600 (SmallCap),5835254784,33.28,63877299.2,NYQ,EQUITY,0.21837,241304496.0,0.22194,-0.031,1.394,revenue_growth=-0.031
ARR,Armour Residential REIT,Real Estate,S&P 600 (SmallCap),2355442432,16.64,58107379.2,NYQ,EQUITY,0.8782,,0.20331,,1.142,free_cash_flow=None; revenue_growth=None
AUB,"Atlantic Union Bankshares, Corp.",Financials,S&P 600 (SmallCap),6061064192,42.44,33641763.6,NYQ,EQUITY,0.32319,,0.09759,0.358,,free_cash_flow=None; roe=0.09759; current_ratio=None
AVA,Avista Corporation,Utilities,S&P 600 (SmallCap),3226996480,38.53,28818513.5,NYQ,EQUITY,0.11829001,-235124992.0,0.08306,0.005,1.1,free_cash_flow=-235124992; roe=0.08306
AWR,American States Water Company,Utilities,S&P 600 (SmallCap),3485953024,87.95,23088634.0,NYQ,EQUITY,0.20521,-25544000.0,0.1367,0.112,0.98,free_cash_flow=-25544000; current_ratio=0.98
AX,"Axos Financial, Inc.",Financials,S&P 600 (SmallCap),5680780288,100.13,34160350.8,NYQ,EQUITY,0.35961,,0.16795999,0.181,,free_cash_flow=None; current_ratio=None
BANC,"Banc Of California, Inc.",Financials,S&P 600 (SmallCap),3103693056,19.59,71073303.6,NYQ,EQUITY,-0.032420002,,-0.0065499996,,,profit_margin=-0.032420002; free_cash_flow=None; roe=-0.0065499996; revenue_growth=None; current_ratio=None
BANF,Bancfirst Corp,Financials,S&P 600 (SmallCap),3839259904,114.31,13258816.9,NMS,EQUITY,0.35307997,,0.13668,0.087,,free_cash_flow=None; current_ratio=None
BANR,Banner Corporation,Financials,S&P 600 (SmallCap),2495171840,73.42,24147838.0,NMS,EQUITY,0.31026,,0.10782,0.069,,free_cash_flow=None; current_ratio=None
BBT,Beacon Financial Corp.,Financials,S&P 600 (SmallCap),2685467648,32.04,24391411.2,NYQ,EQUITY,0.21039,,0.084230006,1.445,,free_cash_flow=None; roe=0.084230006; current_ratio=None
BCC,Boise Cascade,Industrials,S&P 600 (SmallCap),2939596288,84.25,34662135.0,NYQ,EQUITY,0.01637,43333376.0,0.0506,0.052,2.71,roe=0.0506
BFAM,Bright Horizons Family Solutions Inc.,Consumer Discretionary,S&P 600 (SmallCap),3759272960,71.46,53004025.8,NYQ,EQUITY,0.05781,240151376.0,0.14942999,0.065,0.479,current_ratio=0.479
BFH,"Bread Financial Holdings, Inc.",Financials,S&P 600 (SmallCap),4462960128,110.45,48282113.0,NYQ,EQUITY,0.21364,,0.17424999,0.038,,free_cash_flow=None; current_ratio=None
BGC,"BGC Group, Inc.",Financials,S&P 600 (SmallCap),5116019712,10.76,29499400.8,NMS,EQUITY,0.0629,,0.15882,0.083,1.509,free_cash_flow=None
BHE,"Benchmark Electronics, Inc.",Information Technology,S&P 600 (SmallCap),2943279360,81.94,27929249.0,NYQ,EQUITY,0.018860001,136417248.0,0.047810003,0.177,1.993,roe=0.047810003
BKU,"BankUnited, Inc.",Financials,S&P 600 (SmallCap),3379970304,47.45,26926926.0,NYQ,EQUITY,0.2619,,0.09187999,0.042,,free_cash_flow=None; roe=0.09187999; current_ratio=None
BLKB,Blackbaud,Information Technology,S&P 600 (SmallCap),2027575552,44.67,30528818.1,NMS,EQUITY,0.13124,213775680.0,1.94448,0.03,0.828,current_ratio=0.828
BMI,"Badger Meter, Inc.",Information Technology,S&P 600 (SmallCap),3906557696,134.77,46498345.400000006,NYQ,EQUITY,0.14269,128289624.0,0.1848,-0.066,2.422,revenue_growth=-0.066
BNL,"Broadstone Net Lease, Inc.",Real Estate,S&P 600 (SmallCap),4485731328,21.07,64866523.4,NYQ,EQUITY,0.3061,230601872.0,0.04922,0.083,2.017,roe=0.04922
BOH,Bank of Hawaii,Financials,S&P 600 (SmallCap),3133544960,79.43,25184870.1,NYQ,EQUITY,0.31353,,0.13017,0.129,,free_cash_flow=None; current_ratio=None
BOX,"Box, Inc.",Information Technology,S&P 600 (SmallCap),4481530880,32.35,93862554.5,NYQ,EQUITY,-0.1976,152298752.0,-5.75826,0.136,0.76,profit_margin=-0.1976; roe=-5.75826; current_ratio=0.76
BTU,"Peabody Energy, Inc.",Energy,S&P 600 (SmallCap),3006053888,24.66,55378715.4,NYQ,EQUITY,-0.04555,-53975000.0,-0.047709998,0.127,2.009,profit_margin=-0.04555; free_cash_flow=-53975000; roe=-0.047709998
BXMT,"Blackstone Mortgage Trust, Inc.",Financials,S&P 600 (SmallCap),2406802432,14.28,54444070.8,NYQ,EQUITY,0.03835,,0.00448,-0.731,98.576,free_cash_flow=None; roe=0.00448; revenue_growth=-0.731
CACC,Credit Acceptance,Financials,S&P 600 (SmallCap),6038075904,577.25,69806842.5,NMS,EQUITY,0.38507,,0.31932,0.095,4.833,free_cash_flow=None
CAG,Conagra Brands,Consumer Staples,S&P 600 (SmallCap),7159342080,14.96,167594935.20000002,NYQ,EQUITY,-0.16985,859000000.0,-0.25064,0.036,0.904,profit_margin=-0.16985; roe=-0.25064; current_ratio=0.904
CAKE,"The Cheesecake Factory, Inc.",Consumer Discretionary,S&P 600 (SmallCap),5836424704,117.29,234697290.0,NMS,EQUITY,0.04607,166743120.0,0.38834,0.077,0.587,current_ratio=0.587
CALM,"Cal-Maine Foods, Inc.",Consumer Staples,S&P 600 (SmallCap),3857053184,82.21,60964469.7,NMS,EQUITY,0.10876001,8796500.0,0.122200005,-0.499,7.695,revenue_growth=-0.499
CALX,Calix,Information Technology,S&P 600 (SmallCap),2512263168,39.9,37188396.0,NYQ,EQUITY,0.04607,61477124.0,0.06905,0.213,2.83,roe=0.06905
CALY,Callaway Golf Company,Consumer Discretionary,S&P 600 (SmallCap),2971392768,16.53,36052756.5,NYQ,EQUITY,-0.12367,100975000.0,0.03466,0.02,3.043,profit_margin=-0.12367; roe=0.03466
CATY,Cathay General Bancorp,Financials,S&P 600 (SmallCap),4300372992,64.46,24403266.8,NMS,EQUITY,0.4367,,0.117060006,0.138,,free_cash_flow=None; current_ratio=None
CBU,"Community Bank System, Inc.",Financials,S&P 600 (SmallCap),3426347776,65.12,15150819.2,NYQ,EQUITY,0.2721,,0.1153,0.12,,free_cash_flow=None; current_ratio=None
CC,Chemours,Materials,S&P 600 (SmallCap),2293604608,15.24,60042247.2,NYQ,EQUITY,-0.05244,303124992.0,-3.19372,-0.015,1.663,profit_margin=-0.05244; roe=-3.19372; revenue_growth=-0.015
CCS,"Century Communities, Inc.",Consumer Discretionary,S&P 600 (SmallCap),2003078016,70.45,15637082.0,NYQ,EQUITY,0.03407,78148624.0,0.052210003,-0.073,4.76,roe=0.052210003; revenue_growth=-0.073
CE,Celanese,Materials,S&P 600 (SmallCap),4753226240,43.31,103583227.7,NYQ,EQUITY,-0.12037,984875008.0,-0.2225,0.087,1.447,profit_margin=-0.12037; roe=-0.2225
CENT,Central Garden & Pet Company,Consumer Staples,S&P 600 (SmallCap),2791004160,44.59,5123391.0,NMS,EQUITY,0.05393,342347872.0,0.099709995,-0.082,3.787,roe=0.099709995; revenue_growth=-0.082
CENTA,Central Garden & Pet Company (Class A),Consumer Staples,S&P 600 (SmallCap),2430470656,38.83,13754750.9,NMS,EQUITY,0.05393,342347872.0,0.099709995,-0.082,3.787,roe=0.099709995; revenue_growth=-0.082
CENX,Century Aluminum Company,Materials,S&P 600 (SmallCap),4768506880,48.17,117023234.6,NMS,EQUITY,0.22559,-46287500.0,0.51749,0.197,2.751,free_cash_flow=-46287500
CHCO,City Holding Company,Financials,S&P 600 (SmallCap),2067728512,147.22,15129799.4,NMS,EQUITY,0.41118,,0.16755,0.009,,free_cash_flow=None; current_ratio=None
CLSK,"CleanSpark, Inc.",Information Technology,S&P 600 (SmallCap),3128032000,12.18,260006338.2,NCM,EQUITY,-1.46901,48898124.0,-0.68622,-0.305,5.912,profit_margin=-1.46901; roe=-0.68622; revenue_growth=-0.305
CNK,"Cinemark Holdings, Inc.",Communication Services,S&P 600 (SmallCap),4324671488,37.31,110285002.1,NYQ,EQUITY,0.0644,227587504.0,0.45816,0.155,0.845,current_ratio=0.845
CNR,"Core Natural Resources, Inc.",Energy,S&P 600 (SmallCap),4712962560,94.95,56411694.0,NYQ,EQUITY,0.02345,274115744.0,0.02675,0.035,1.825,roe=0.02675
COHU,"Cohu, Inc.",Information Technology,S&P 600 (SmallCap),2657579520,56.14,71283203.6,NMS,EQUITY,-0.07427,66293124.0,-0.04836,0.384,5.742,profit_margin=-0.07427; roe=-0.04836
CORT,Corcept Therapeutics Incorporated,Health Care,S&P 600 (SmallCap),12126478336,112.18,160133584.60000002,NCM,EQUITY,0.066420004,77395128.0,0.08226,0.317,2.859,roe=0.08226
CPB,The Campbell's Company,Consumer Staples,S&P 600 (SmallCap),6739461120,22.6,109041610.0,NMS,EQUITY,0.061240003,603249984.0,0.15389,-0.044,0.866,revenue_growth=-0.044; current_ratio=0.866
CPK,Chesapeake Utilities Corp.,Utilities,S&P 600 (SmallCap),3247862784,134.73,24638075.1,NYQ,EQUITY,0.15118,-220775008.0,0.094689995,0.047,0.316,free_cash_flow=-220775008; roe=0.094689995; current_ratio=0.316
CRC,California Resources Corporation,Energy,S&P 600 (SmallCap),4749199872,53.47,46764327.3,NYQ,EQUITY,-0.0324,335124992.0,-0.03554,0.33,0.661,profit_margin=-0.0324; roe=-0.03554; current_ratio=0.661
CRGY,Crescent Energy Company,Energy,S&P 600 (SmallCap),3984668928,12.06,73518121.8,NYQ,EQUITY,0.0127,601587648.0,0.01517,0.553,0.945,roe=0.01517; current_ratio=0.945
CRK,"Comstock Resources, Inc.",Energy,S&P 600 (SmallCap),4087197952,13.92,30771412.8,NYQ,EQUITY,0.27,-868676608.0,0.19018,-0.252,0.476,free_cash_flow=-868676608; revenue_growth=-0.252; current_ratio=0.476
CUBI,"Customers Bancorp, Inc.",Financials,S&P 600 (SmallCap),2800379136,82.79,22133078.6,NYQ,EQUITY,0.3525,,0.14325,0.101,,free_cash_flow=None; current_ratio=None
CURB,Curbline Properties Corp.,Real Estate,S&P 600 (SmallCap),3431392768,30.09,32808631.5,NYQ,EQUITY,0.13103,152188000.0,0.0146200005,0.529,2.654,roe=0.0146200005
CVBF,CVB Financial Corp.,Financials,S&P 600 (SmallCap),4047941120,23.0,29495430.0,NMS,EQUITY,0.3614,,0.07649,0.42,,free_cash_flow=None; roe=0.07649; current_ratio=None
CWEN,"Clearway Energy, Inc. (Class C)",Utilities,S&P 600 (SmallCap),8479346176,34.38,44052813.0,NYQ,EQUITY,0.064169995,421750016.0,-0.03167,0.227,1.207,roe=-0.03167
CWK,Cushman & Wakefield plc,Real Estate,S&P 600 (SmallCap),3241396480,13.81,24700566.0,NYQ,EQUITY,0.0063899998,302500000.0,0.0352,0.112,1.078,roe=0.0352
CWST,"Casella Waste Systems, Inc.",Industrials,S&P 600 (SmallCap),5763242496,90.56,56971296.0,NMS,EQUITY,0.0029199999,121703752.0,0.00364,0.169,0.993,roe=0.00364; current_ratio=0.993
CWT,California Water Service Group,Utilities,S&P 600 (SmallCap),3090718208,49.98,28711510.8,NYQ,EQUITY,0.12634,-258749376.0,0.07677,0.165,0.701,free_cash_flow=-258749376; roe=0.07677; current_ratio=0.701
CXW,CoreCivic,Industrials,S&P 600 (SmallCap),3322821120,33.6,53535888.0,NYQ,EQUITY,0.05149,24545250.0,0.08772001,0.273,1.319,roe=0.08772001
CZR,Caesars Entertainment,Consumer Discretionary,S&P 600 (SmallCap),6036234240,29.63,146225827.79999998,NMS,EQUITY,-0.039920002,762499968.0,-0.103769995,0.03,0.851,profit_margin=-0.039920002; roe=-0.103769995; current_ratio=0.851
DAN,Dana Incorporated,Consumer Discretionary,S&P 600 (SmallCap),3195027456,29.7,46230129.0,NYQ,EQUITY,0.14552,631249984.0,-0.01627,0.039,1.487,roe=-0.01627
DEI,Douglas Emmett,Real Estate,S&P 600 (SmallCap),2344599552,11.66,23891806.4,NYQ,EQUITY,-0.02271,395813120.0,-0.01928,0.016,0.547,profit_margin=-0.02271; roe=-0.01928; current_ratio=0.547
DGII,Digi International Inc.,Information Technology,S&P 600 (SmallCap),3234697984,85.24,33922962.8,NMS,EQUITY,0.096269995,128003128.0,0.07459,0.29,1.129,roe=0.07459
DIOD,Diodes Incorporated,Information Technology,S&P 600 (SmallCap),4929374208,107.04,57019137.6,NMS,EQUITY,0.05266,176820256.0,0.04684,0.217,3.167,roe=0.04684
DNOW,NOW Inc,Industrials,S&P 600 (SmallCap),3044434432,16.84,53202275.2,NYQ,EQUITY,-0.046290003,-533750016.0,-0.11599,1.081,2.136,profit_margin=-0.046290003; free_cash_flow=-533750016; roe=-0.11599
DRH,DiamondRock Hospitality Company,Real Estate,S&P 600 (SmallCap),2511908608,12.23,38887975.6,NMS,EQUITY,0.13524,76127872.0,0.09911,0.041,5.588,roe=0.09911
DV,DoubleVerify Holdings Inc.,Communication Services,S&P 600 (SmallCap),2039539072,13.29,104158381.5,NYQ,EQUITY,0.07656,162146880.0,0.05389,0.025,4.498,roe=0.05389
EAT,"Brinker International, Inc.",Consumer Discretionary,S&P 600 (SmallCap),10545679360,245.89,301994721.3,NYQ,EQUITY,0.083859995,509575008.0,1.19568,0.051,0.455,current_ratio=0.455
EBC,"Eastern Bankshares, Inc.",Financials,S&P 600 (SmallCap),5335745024,23.35,54182974.5,NMS,EQUITY,0.34249002,,0.09442,0.276,,free_cash_flow=None; roe=0.09442; current_ratio=None
ECPG,"Encore Capital Group, Inc.",Financials,S&P 600 (SmallCap),2067913216,97.5,33587775.0,NMS,EQUITY,0.15862,-157004624.0,0.30542,0.113,11.376,free_cash_flow=-157004624
EMN,Eastman Chemical Company,Materials,S&P 600 (SmallCap),8293253632,72.54,91428690.6,NYQ,EQUITY,0.04986,544625024.0,0.07334,0.099,1.498,roe=0.07334
ENPH,Enphase Energy,Information Technology,S&P 600 (SmallCap),5373413888,40.77,191801649.6,NGM,EQUITY,0.100880004,78322752.0,0.12996,-0.196,3.451,revenue_growth=-0.196
ENVA,"Enova International, Inc.",Financials,S&P 600 (SmallCap),6483535872,260.4,69339312.0,NYQ,EQUITY,0.21011,,0.26081,0.311,20.146,free_cash_flow=None
EPRT,"Essential Properties Realty Trust, Inc.",Real Estate,S&P 600 (SmallCap),6641157632,30.63,36156877.2,NYQ,EQUITY,0.43506,305324384.0,0.064780004,0.181,3.841,roe=0.064780004
ESE,ESCO Technologies Inc.,Industrials,S&P 600 (SmallCap),7783032832,300.42,62871897.6,NYQ,EQUITY,0.24391001,233938368.0,0.095,0.144,1.382,roe=0.095
ESI,Element Solutions,Materials,S&P 600 (SmallCap),9372166144,38.46,123064308.0,NYQ,EQUITY,0.05669,50812500.0,0.06539,0.564,2.907,roe=0.06539
ETSY,Etsy,Consumer Discretionary,S&P 600 (SmallCap),7308579840,79.63,304239155.8,NYQ,EQUITY,0.07114,169665376.0,,0.062,1.476,roe=None
EXTR,"Extreme Networks, Inc.",Information Technology,S&P 600 (SmallCap),3204294656,24.42,50536457.400000006,NMS,EQUITY,0.03281,81449504.0,0.54638,0.103,0.928,current_ratio=0.928
FA,First Advantage Corporation,Industrials,S&P 600 (SmallCap),3605110016,20.99,61377488.7,NMS,EQUITY,0.01512,215071744.0,0.01939,0.149,2.527,roe=0.01939
FBK,FB Financial Corp.,Financials,S&P 600 (SmallCap),3101143296,62.05,20882927.5,NYQ,EQUITY,0.30199,,0.1108,1.302,,free_cash_flow=None; current_ratio=None
FBNC,First Bancorp (Southern Pines NC),Financials,S&P 600 (SmallCap),2718700032,65.71,13033578.499999998,NMS,EQUITY,0.32444,,0.08144,0.16,,free_cash_flow=None; roe=0.08144; current_ratio=None
FBP,First BanCorp (Puerto Rico),Financials,S&P 600 (SmallCap),4459440128,29.21,41446069.0,NYQ,EQUITY,0.39044,,0.19494,0.094,,free_cash_flow=None; current_ratio=None
FCF,"First Commonwealth Financial, Corp.",Financials,S&P 600 (SmallCap),2184829184,21.62,20678665.2,NYQ,EQUITY,0.33199,,0.109069996,0.096,,free_cash_flow=None; current_ratio=None
FCPT,"Four Corners Property Trust, Inc.",Real Estate,S&P 600 (SmallCap),2737145088,24.94,18306708.2,NYQ,EQUITY,0.38702,189772992.0,0.07646,0.069,0.252,roe=0.07646; current_ratio=0.252
FFBC,First Financial Bancorp,Financials,S&P 600 (SmallCap),3577341696,34.08,24143635.2,NMS,EQUITY,0.29931998,,0.10286,0.165,,free_cash_flow=None; current_ratio=None
FG,"F&G Annuities & Life, Inc.",Financials,S&P 600 (SmallCap),3482876672,26.6,14416934.0,NYQ,EQUITY,0.0689,2273625088.0,0.09167,0.042,0.941,roe=0.09167; current_ratio=0.941
FHB,"First Hawaiian, Inc.",Financials,S&P 600 (SmallCap),3362035712,27.63,46662925.5,NMS,EQUITY,0.32339,,0.10321999,0.059,,free_cash_flow=None; current_ratio=None
FIBK,"First Interstate BancSystem, Inc.",Financials,S&P 600 (SmallCap),3672086528,38.53,41492186.4,NMS,EQUITY,0.30635,,0.09616999,0.074,,free_cash_flow=None; roe=0.09616999; current_ratio=None
FIVN,"Five9, Inc.",Information Technology,S&P 600 (SmallCap),2331374080,31.2,156066768.0,NGM,EQUITY,0.049390003,260481504.0,0.079169996,0.103,4.149,roe=0.079169996
FIZZ,National Beverage Corp.,Consumer Staples,S&P 600 (SmallCap),2897294592,30.95,9923189.0,NMS,EQUITY,0.15556,106155752.0,0.34018,-0.053,4.386,revenue_growth=-0.053
FUL,H.B. Fuller Company,Materials,S&P 600 (SmallCap),3236388608,60.17,40304874.5,NYQ,EQUITY,0.052950002,219408128.0,0.09388,0.058,1.796,roe=0.09388
FULT,Fulton Financial Corporation,Financials,S&P 600 (SmallCap),4671648256,24.4,41159140.0,NMS,EQUITY,0.29740998,,0.11101,0.137,,free_cash_flow=None; current_ratio=None
GEO,"GEO Group, Inc.",Industrials,S&P 600 (SmallCap),4139436032,31.45,55405779.5,NYQ,EQUITY,0.10312,-3632500.0,0.20127001,0.151,1.653,free_cash_flow=-3632500
GKOS,Glaukos Corp.,Health Care,S&P 600 (SmallCap),11008172032,186.63,180443215.5,NYQ,EQUITY,-0.30685,15456250.0,-0.25981,0.495,5.04,profit_margin=-0.30685; roe=-0.25981
GNW,"Genworth Financial, Inc.",Financials,S&P 600 (SmallCap),3786067712,10.02,28201290.0,NYQ,EQUITY,0.028719999,673625024.0,0.033970002,0.053,10.675,roe=0.033970002
GPI,"Group 1 Automotive, Inc.",Consumer Discretionary,S&P 600 (SmallCap),3172623104,266.11,63046781.2,NYQ,EQUITY,0.0130900005,135050000.0,0.0949,-0.056,1.02,roe=0.0949; revenue_growth=-0.056
GPOR,Gulfport Energy Corporation,Energy,S&P 600 (SmallCap),3046393088,169.53,68661345.3,NYQ,EQUITY,0.36472,102005000.0,0.27411,-0.162,0.576,revenue_growth=-0.162; current_ratio=0.576
GRBK,"Green Brick Partners, Inc.",Consumer Discretionary,S&P 600 (SmallCap),3015479808,70.11,15962644.8,NYQ,EQUITY,0.14794,6958250.0,0.16383,-0.087,7.051,revenue_growth=-0.087
GSHD,"Goosehead Insurance, Inc.",Financials,S&P 600 (SmallCap),2342651392,65.55,30036976.5,NMS,EQUITY,0.087869994,36873876.0,,0.207,1.544,roe=None
GTY,Getty Realty Corp.,Real Estate,S&P 600 (SmallCap),2036347264,32.88,11509972.8,NYQ,EQUITY,0.42743,108609872.0,0.094639994,0.054,1.719,roe=0.094639994
GVA,"Granite Construction, Inc.",Industrials,S&P 600 (SmallCap),5522643968,126.19,152441305.7,NYQ,EQUITY,-0.0332,959048128.0,-0.14548,0.293,1.013,profit_margin=-0.0332; roe=-0.14548
HASI,"Hannon Armstrong Sustainable Infrastructure Capital, Inc.",Financials,S&P 600 (SmallCap),5374979072,41.83,43302416.0,NYQ,EQUITY,0.67654,,0.03371,8.044,8.703,free_cash_flow=None; roe=0.03371
HCC,"Warrior Met Coal, Inc.",Materials,S&P 600 (SmallCap),5107018240,96.72,65568422.4,NYQ,EQUITY,0.13036,-53619500.0,0.10037,0.713,3.927,free_cash_flow=-53619500
HCI,"HCI Group, Inc.",Financials,S&P 600 (SmallCap),2283776000,183.6,34050456.0,NYQ,EQUITY,0.32597,423198496.0,0.34974998,0.111,0.865,current_ratio=0.865
HE,"Hawaiian Electric Industries, Inc.",Utilities,S&P 600 (SmallCap),2060645120,11.93,26345138.3,NYQ,EQUITY,0.06824,324624384.0,0.13448,0.259,0.986,current_ratio=0.986
HIW,Highwoods Properties,Real Estate,S&P 600 (SmallCap),3518883840,31.33,36713433.9,NYQ,EQUITY,0.20107001,270770112.0,0.06815,0.075,1.05,roe=0.06815
HNI,HNI Corporation,Industrials,S&P 600 (SmallCap),3554232064,49.24,33633382.0,NYQ,EQUITY,0.00098,104212496.0,0.00329,1.207,1.362,roe=0.00329
HP,"Helmerich & Payne, Inc.",Energy,S&P 600 (SmallCap),4294376448,42.97,70229738.3,NYQ,EQUITY,-0.03428,493073888.0,-0.04639,-0.006,1.962,profit_margin=-0.03428; roe=-0.04639; revenue_growth=-0.006
HTH,Hilltop Holdings Inc.,Financials,S&P 600 (SmallCap),2254793472,39.36,8857574.4,NYQ,EQUITY,0.12734,,0.076009996,0.052,,free_cash_flow=None; roe=0.076009996; current_ratio=None
HTO,H2O America,Utilities,S&P 600 (SmallCap),2618980096,62.57,23916131.1,NMS,EQUITY,0.12909001,-250611632.0,0.06463,0.062,1.667,free_cash_flow=-250611632; roe=0.06463
HUBG,"Hub Group, Inc.",Industrials,S&P 600 (SmallCap),2458982656,40.21,59742811.7,NMS,EQUITY,0.02815,59145876.0,0.06241,-0.053,1.474,roe=0.06241; revenue_growth=-0.053
HWKN,"Hawkins, Inc.",Materials,S&P 600 (SmallCap),2702701312,129.47,21849357.2,NMS,EQUITY,0.07289,81369504.0,0.15614,-0.016,2.27,revenue_growth=-0.016
ICHR,"Ichor Holdings, Ltd.",Information Technology,S&P 600 (SmallCap),2591458048,69.19,78722998.2,NMS,EQUITY,-0.03974,10132000.0,-0.051659998,0.227,3.701,profit_margin=-0.03974; roe=-0.051659998
ICUI,ICU Medical,Health Care,S&P 600 (SmallCap),4484762112,179.34,77320647.6,NMS,EQUITY,0.01393,175372128.0,0.014099999,0.005,2.43,roe=0.014099999
INDB,Independent Bank Corp.,Financials,S&P 600 (SmallCap),4042005504,85.33,27338878.7,NMS,EQUITY,0.28603,,0.08239,0.415,,free_cash_flow=None; roe=0.08239; current_ratio=None
INDV,Indivior,Health Care,S&P 600 (SmallCap),4570668544,38.73,124946078.4,NMS,EQUITY,0.26747,86500000.0,,0.136,0.835,roe=None; current_ratio=0.835
INVX,"Innovex International, Inc.",Energy,S&P 600 (SmallCap),2121841664,30.39,32661652.5,NYQ,EQUITY,0.06171,174039872.0,0.05994,0.092,5.006,roe=0.05994
IOSP,"Innospec, Inc.",Materials,S&P 600 (SmallCap),2293643264,93.12,19451836.8,NMS,EQUITY,0.065960005,32575000.0,0.091309994,0.118,2.784,roe=0.091309994
ITGR,Integer Holdings Corporation,Health Care,S&P 600 (SmallCap),4247071488,125.08,347001939.2,NYQ,EQUITY,0.06965,107673376.0,0.075040005,-0.026,3.733,roe=0.075040005; revenue_growth=-0.026
ITRI,"Itron, Inc.",Information Technology,S&P 600 (SmallCap),4492958720,102.61,78137515.0,NMS,EQUITY,0.11895,295262240.0,0.16885,-0.072,2.746,revenue_growth=-0.072
IVT,InvenTrust Properties,Real Estate,S&P 600 (SmallCap),2592782848,33.25,24610652.5,NYQ,EQUITY,0.04804,117164248.0,0.0085,0.126,1.849,roe=0.0085
JBLU,JetBlue,Industrials,S&P 600 (SmallCap),2180864512,5.78,160247032.0,NMS,EQUITY,-0.09323,-921249984.0,-0.44355,0.145,0.696,profit_margin=-0.09323; free_cash_flow=-921249984; roe=-0.44355; current_ratio=0.696
JBTM,JBT Marel Corporation,Industrials,S&P 600 (SmallCap),6148440064,118.52,84829504.8,NYQ,EQUITY,0.04903,341062496.0,0.0437,0.049,1.239,roe=0.0437
JXN,"Jackson Financial, Inc.",Financials,S&P 600 (SmallCap),8849437696,130.66,84632401.8,NYQ,EQUITY,0.01573,1227750016.0,0.0137600005,,1.806,roe=0.0137600005; revenue_growth=None
KAI,Kadant Inc.,Industrials,S&P 600 (SmallCap),3944970752,334.08,41339059.2,NYQ,EQUITY,0.09523,,0.11291,0.226,9.438,free_cash_flow=None
KGS,"Kodiak Gas Services, Inc.",Energy,S&P 600 (SmallCap),6263027712,62.06,106548331.6,NYQ,EQUITY,0.057729997,16089375.0,0.04587,0.211,1.447,roe=0.04587
KMT,Kennametal,Industrials,S&P 600 (SmallCap),2345746944,30.78,57464413.2,NYQ,EQUITY,0.14528,-171881504.0,0.23853001,0.426,2.618,free_cash_flow=-171881504
KMX,"CarMax, Inc.",Consumer Discretionary,S&P 600 (SmallCap),8331600896,58.71,106926174.6,NYQ,EQUITY,0.00789,-159998368.0,0.03588,0.055,2.705,free_cash_flow=-159998368; roe=0.03588
KN,Knowles Corporation,Information Technology,S&P 600 (SmallCap),3332710912,39.02,29219736.8,NYQ,EQUITY,0.106300004,39312500.0,0.094969995,0.143,3.201,roe=0.094969995
KNTK,"Kinetik Holdings, Inc.",Energy,S&P 600 (SmallCap),8671493120,51.25,60494475.0,NYQ,EQUITY,0.29178,-95451128.0,0.19231,0.363,0.682,free_cash_flow=-95451128; current_ratio=0.682
KRMN,Karman Holdings,Industrials,S&P 600 (SmallCap),8205161984,61.91,186590549.0,NYQ,EQUITY,0.06307,-57195876.0,0.09503,0.582,3.555,free_cash_flow=-57195876; roe=0.09503
KSS,Kohl's Corp.,Consumer Discretionary,S&P 600 (SmallCap),2185217792,19.27,64678598.8,NYQ,EQUITY,0.01766,807124992.0,0.069970004,-0.02,1.482,roe=0.069970004; revenue_growth=-0.02
KWR,Quaker Chemical Corporation,Materials,S&P 600 (SmallCap),2906036736,168.88,30856064.8,NYQ,EQUITY,0.049450003,129911624.0,0.07175,0.102,2.457,roe=0.07175
LAUR,"Laureate Education, Inc.",Consumer Discretionary,S&P 600 (SmallCap),5095349248,36.99,39096950.4,NMS,EQUITY,0.1757,343739264.0,0.29318002,0.175,0.712,current_ratio=0.712
LAZ,Lazard,Financials,S&P 600 (SmallCap),4285977088,43.54,68885940.2,NYQ,EQUITY,0.0709,,0.25665,0.001,5.305,free_cash_flow=None
LBRT,"Liberty Energy, Inc.",Energy,S&P 600 (SmallCap),3523302912,21.59,101574473.0,NYQ,EQUITY,0.02918,-302047872.0,0.06123,0.14,1.986,free_cash_flow=-302047872; roe=0.06123
LCII,LCI Industries,Consumer Discretionary,S&P 600 (SmallCap),2604978176,107.15,27810782.5,NYQ,EQUITY,0.05244,264589248.0,0.15,-0.125,2.486,revenue_growth=-0.125
LEU,Centrus Energy Corp.,Energy,S&P 600 (SmallCap),3692475904,185.06,111802148.4,NYQ,EQUITY,0.102340005,-127300000.0,0.08053,0.14,5.395,free_cash_flow=-127300000; roe=0.08053
LFST,Lifestance Health,Health Care,S&P 600 (SmallCap),4672540160,12.23,63380385.1,NMS,EQUITY,0.03193,172356128.0,0.03429,0.261,1.376,roe=0.03429
LKQ,LKQ Corporation,Consumer Discretionary,S&P 600 (SmallCap),6251681280,24.71,112896530.6,NMS,EQUITY,0.03368,724124992.0,0.07131,-0.03,1.578,roe=0.07131; revenue_growth=-0.03
LRN,"Stride, Inc.",Consumer Discretionary,S&P 600 (SmallCap),3266188032,78.59,134447056.6,NYQ,EQUITY,0.13430999,224867120.0,0.21735,-0.027,5.941,revenue_growth=-0.027
LTC,"LTC Properties, Inc.",Real Estate,S&P 600 (SmallCap),2085606144,38.69,21137894.6,NYQ,EQUITY,0.39846,256029248.0,0.11806,-0.19,20.833,revenue_growth=-0.19
LTH,"Life Time Group Holdings, Inc.",Consumer Discretionary,S&P 600 (SmallCap),9792102400,43.82,160754546.4,NYQ,EQUITY,0.13036999,-345163264.0,0.13445,0.137,0.657,free_cash_flow=-345163264; current_ratio=0.657
LUMN,Lumen Technologies,Communication Services,S&P 600 (SmallCap),6480656384,6.29,103764809.1,NYQ,EQUITY,-0.086540006,2116249984.0,,-0.093,0.964,profit_margin=-0.086540006; roe=None; revenue_growth=-0.093; current_ratio=0.964
LXP,Lexington Realty Trust,Real Estate,S&P 600 (SmallCap),3578705920,60.7,48102929.0,NYQ,EQUITY,0.18656,183396368.0,0.03497,0.004,1.026,roe=0.03497
LYFT,"Lyft, Inc.",Industrials,S&P 600 (SmallCap),6276197376,16.58,215881216.4,NMS,EQUITY,0.42317,1153134464.0,1.52579,0.161,0.586,current_ratio=0.586
MAC,Macerich,Real Estate,S&P 600 (SmallCap),7272498688,24.65,139964425.5,NYQ,EQUITY,-0.16502,388895136.0,-0.06179,0.012,0.329,profit_margin=-0.16502; roe=-0.06179; current_ratio=0.329
MAN,ManpowerGroup,Industrials,S&P 600 (SmallCap),2614642944,56.22,52884467.4,NYQ,EQUITY,0.00557,125012496.0,0.050809998,0.075,1.043,roe=0.050809998
MARA,"MARA Holdings, Inc.",Information Technology,S&P 600 (SmallCap),3723925248,9.64,368401083.2000001,NCM,EQUITY,0.0,-1168091392.0,-1.0557,-0.267,0.891,profit_margin=0.0; free_cash_flow=-1168091392; roe=-1.0557; revenue_growth=-0.267; current_ratio=0.891
MATX,"Matson, Inc.",Industrials,S&P 600 (SmallCap),6412796416,214.45,67592495.5,NYQ,EQUITY,0.13408,147124992.0,0.17206,0.167,0.888,current_ratio=0.888
MBGL,"Mobility Global, Inc.",Industrials,S&P 600 (SmallCap),5789413888,19.62,85002472.8,NYQ,EQUITY,0.11301,,,0.066,1.879,free_cash_flow=None; roe=None
MBIN,Merchants Bancorp,Financials,S&P 600 (SmallCap),2519557120,54.85,9577907.0,NCM,EQUITY,0.42474997,,0.11733,0.371,,free_cash_flow=None; current_ratio=None
MC,Moelis & Company,Financials,S&P 600 (SmallCap),4909340672,66.27,74268126.3,NYQ,EQUITY,0.14502,,0.41454,0.12,1.167,free_cash_flow=None
MCY,Mercury General,Financials,S&P 600 (SmallCap),5844608000,105.52,34418513.6,NYQ,EQUITY,0.14778,1143784576.0,0.38991,0.138,0.952,current_ratio=0.952
MDU,"MDU Resources Group, Inc.",Utilities,S&P 600 (SmallCap),4316370944,20.52,37678003.2,NYQ,EQUITY,0.10747,-478334112.0,0.068909995,0.069,0.992,free_cash_flow=-478334112; roe=0.068909995; current_ratio=0.992
MGEE,"MGE Energy, Inc.",Utilities,S&P 600 (SmallCap),3072595968,81.32,15337765.2,NMS,EQUITY,0.19895001,-206614256.0,0.110410005,0.011,1.137,free_cash_flow=-206614256
MHK,Mohawk Industries,Consumer Discretionary,S&P 600 (SmallCap),9270642688,136.86,181310759.4,NYQ,EQUITY,0.04152,966899968.0,0.055120002,0.068,1.916,roe=0.055120002
MHO,"M/I Homes, Inc.",Consumer Discretionary,S&P 600 (SmallCap),3819507712,151.07,34433385.1,NYQ,EQUITY,0.074439995,86652128.0,0.100600004,-0.085,8.108,revenue_growth=-0.085
MIR,"Mirion Technologies, Inc.",Information Technology,S&P 600 (SmallCap),3787862528,15.21,68551013.7,NYQ,EQUITY,0.0239,115362496.0,0.01511,0.197,3.198,roe=0.01511
MKTX,MarketAxess,Financials,S&P 600 (SmallCap),5722364416,162.6,383900226.0,NMS,EQUITY,0.35217,-457790016.0,0.2314,-0.005,7.465,free_cash_flow=-457790016; revenue_growth=-0.005
MMSI,"Merit Medical Systems, Inc.",Health Care,S&P 600 (SmallCap),5445590016,91.2,137521392.0,NMS,EQUITY,0.0922,173902128.0,0.0919,0.095,4.198,roe=0.0919
MRCY,Mercury Systems,Industrials,S&P 600 (SmallCap),6703232000,111.64,55108853.2,NMS,EQUITY,-0.014579999,97339000.0,-0.00963,0.115,3.186,profit_margin=-0.014579999; roe=-0.00963
MRP,"Millrose Properties, Inc.",Real Estate,S&P 600 (SmallCap),4941585920,29.76,34421904.0,NYQ,EQUITY,0.62595004,-1379807232.0,0.081199996,0.321,54.111,free_cash_flow=-1379807232; roe=0.081199996
MSGS,Madison Square Garden Sports Corp.,Communication Services,S&P 600 (SmallCap),9970398208,414.12,80703705.6,NYQ,EQUITY,0.00672,59761124.0,,0.367,0.503,roe=None; current_ratio=0.503
MTCH,Match Group,Communication Services,S&P 600 (SmallCap),8396975616,36.58,134763280.6,NMS,EQUITY,0.20169,930664000.0,,-0.012,1.724,roe=None; revenue_growth=-0.012
MTH,Meritage Homes Corporation,Consumer Discretionary,S&P 600 (SmallCap),4750539776,72.89,66101025.4,NYQ,EQUITY,0.06107,293902112.0,0.063769996,-0.138,14.355,roe=0.063769996; revenue_growth=-0.138
MTRN,Materion Corp.,Materials,S&P 600 (SmallCap),5901360640,283.26,129934194.6,NYQ,EQUITY,0.04295,13363875.0,0.09458999,0.422,2.941,roe=0.09458999
MTX,Minerals Technologies,Materials,S&P 600 (SmallCap),2251543296,72.33,25436291.1,NYQ,EQUITY,-0.0313,392837504.0,-0.03835,0.037,1.429,profit_margin=-0.0313; roe=-0.03835
MXL,"MaxLinear, Inc.",Information Technology,S&P 600 (SmallCap),6741224960,74.33,185853245.4,NMS,EQUITY,-0.18238,14404875.0,-0.21324,0.552,1.776,profit_margin=-0.18238; roe=-0.21324
NBTB,"NBT Bancorp, Inc.",Financials,S&P 600 (SmallCap),2777866496,53.41,17931339.299999997,NMS,EQUITY,0.29587,,0.11424,0.178,,free_cash_flow=None; current_ratio=None
NE,Noble Corporation,Energy,S&P 600 (SmallCap),7037029376,44.08,60062526.4,NYQ,EQUITY,0.05185,252878256.0,0.03283,-0.163,1.915,roe=0.03283; revenue_growth=-0.163
NEO,"NeoGenomics Laboratories, Inc.",Health Care,S&P 600 (SmallCap),2138077312,16.42,42096775.00000001,NCM,EQUITY,-0.0677,43904752.0,-0.06327,0.112,3.603,profit_margin=-0.0677; roe=-0.06327
NEOG,Neogen,Health Care,S&P 600 (SmallCap),2498921984,11.46,33356736.6,NMS,EQUITY,-0.00908,69500000.0,-0.00379,-0.001,3.822,profit_margin=-0.00908; roe=-0.00379; revenue_growth=-0.001
NGVT,"Ingevity, Corp.",Materials,S&P 600 (SmallCap),2619253760,76.19,21551865.3,NYQ,EQUITY,0.04654,88937504.0,0.30072,-0.052,1.611,revenue_growth=-0.052
NHI,"National Health Investors, Inc.",Real Estate,S&P 600 (SmallCap),3473581056,70.73,27537310.9,NYQ,EQUITY,0.38275,171983248.0,0.10717,-0.026,1.817,revenue_growth=-0.026
NIC,Nicolet Bankshares,Financials,S&P 600 (SmallCap),3718072320,177.41,27482583.1,NYQ,EQUITY,0.30214,,0.08906999,0.861,,free_cash_flow=None; roe=0.08906999; current_ratio=None
NOG,"Northern Oil and Gas, Inc.",Energy,S&P 600 (SmallCap),2566768384,24.09,56836741.5,NYQ,EQUITY,-0.24154,-459628992.0,-0.22049999,0.16,0.796,profit_margin=-0.24154; free_cash_flow=-459628992; roe=-0.22049999; current_ratio=0.796
NPO,"EnPro Industries, Inc.",Industrials,S&P 600 (SmallCap),7225799168,341.36,73453844.8,NYQ,EQUITY,0.03604,130837504.0,0.0286,0.176,2.282,roe=0.0286
NTCT,"NETSCOUT Systems, Inc.",Information Technology,S&P 600 (SmallCap),2871211776,39.49,24362565.700000003,NMS,EQUITY,0.13706,226413504.0,0.0754,0.127,1.825,roe=0.0754
NTST,NETSTREIT Corp.,Real Estate,S&P 600 (SmallCap),2005221632,20.53,22928519.9,NYQ,EQUITY,0.06347,133447376.0,0.00962,0.269,5.531,roe=0.00962
NWBI,"Northwest Bancshares, Inc.",Financials,S&P 600 (SmallCap),2302337280,15.72,15830040.0,NMS,EQUITY,0.23374,,0.085710004,0.232,,free_cash_flow=None; roe=0.085710004; current_ratio=None
NWL,Newell Brands,Consumer Discretionary,S&P 600 (SmallCap),2623543808,6.16,87181925.60000001,NMS,EQUITY,-0.0305,408624992.0,-0.085939996,0.03,1.111,profit_margin=-0.0305; roe=-0.085939996
NWN,NW Natural,Utilities,S&P 600 (SmallCap),2118988672,50.34,11884770.6,NYQ,EQUITY,0.097449996,-268720128.0,0.08347999,0.031,0.772,free_cash_flow=-268720128; roe=0.08347999; current_ratio=0.772
OFG,OFG Bancorp,Financials,S&P 600 (SmallCap),2234999552,52.88,11157151.2,NYQ,EQUITY,0.33854,,0.16081,0.104,,free_cash_flow=None; current_ratio=None
OGN,Organon & Co.,Health Care,S&P 600 (SmallCap),3587244800,13.66,34251767.0,NYQ,EQUITY,0.03411,490750016.0,0.24037,-0.023,1.954,revenue_growth=-0.023
OTTR,Otter Tail Corporation,Utilities,S&P 600 (SmallCap),3868551424,92.14,26013886.2,NMS,EQUITY,0.14833,-165230496.0,0.106850006,0.004,1.707,free_cash_flow=-165230496
OUT,Outfront Media,Real Estate,S&P 600 (SmallCap),5289341440,30.03,71064493.5,NYQ,EQUITY,0.1266,193724992.0,0.35024,0.135,0.67,current_ratio=0.67
PAYO,Payoneer Global Inc.,Financials,S&P 600 (SmallCap),2412617984,7.12,47052662.4,NGM,EQUITY,0.046479996,-69092496.0,0.07058,0.052,1.003,free_cash_flow=-69092496; roe=0.07058
PATK,"Patrick Industries, Inc.",Consumer Discretionary,S&P 600 (SmallCap),2786580736,86.76,43602973.2,NMS,EQUITY,0.03739,32754876.0,0.12953,-0.006,2.668,revenue_growth=-0.006
PBH,Prestige Consumer Healthcare,Health Care,S&P 600 (SmallCap),2476143360,52.27,34097289.1,NYQ,EQUITY,0.15568,147887504.0,0.0912,0.065,3.23,roe=0.0912
PBI,"Pitney Bowes, Inc.",Industrials,S&P 600 (SmallCap),2275697408,16.6,36361968.0,NYQ,EQUITY,0.100389995,233828128.0,,-0.023,0.734,roe=None; revenue_growth=-0.023; current_ratio=0.734
PDFS,"PDF Solutions, Inc.",Information Technology,S&P 600 (SmallCap),2186103040,51.77,28837960.8,NMS,EQUITY,0.042740002,-13259875.0,0.03272,0.189,3.447,free_cash_flow=-13259875; roe=0.03272
PEB,Pebblebrook Hotel Trust,Real Estate,S&P 600 (SmallCap),2033129216,18.08,41610035.2,NYQ,EQUITY,-0.031070001,258438128.0,-0.016339999,-0.001,0.708,profit_margin=-0.031070001; roe=-0.016339999; revenue_growth=-0.001; current_ratio=0.708
PECO,Phillips Edison & Company,Real Estate,S&P 600 (SmallCap),5666625536,40.14,30738007.8,NMS,EQUITY,0.19138001,160187872.0,0.060170002,0.067,1.567,roe=0.060170002
PENG,"Penguin Solutions, Inc.",Information Technology,S&P 600 (SmallCap),3009483776,58.73,109115641.6,NMS,EQUITY,0.06445,-107568000.0,0.16194999,0.476,1.544,free_cash_flow=-107568000
PENN,Penn Entertainment,Consumer Discretionary,S&P 600 (SmallCap),2573849088,19.17,56275260.3,NMS,EQUITY,-0.12663999,-54325000.0,-0.37578,0.052,0.885,profit_margin=-0.12663999; free_cash_flow=-54325000; roe=-0.37578; current_ratio=0.885
PFS,"Provident Financial Services, Inc.",Financials,S&P 600 (SmallCap),3244914688,24.88,26163808.0,NYQ,EQUITY,0.34969002,,0.1114,0.038,,free_cash_flow=None; current_ratio=None
PHIN,"PHINIA, Inc.",Consumer Discretionary,S&P 600 (SmallCap),2711951104,74.02,34056602.0,NYQ,EQUITY,0.03734,269249984.0,0.08523,0.056,1.806,roe=0.08523
PI,"Impinj, Inc.",Information Technology,S&P 600 (SmallCap),5486961152,179.58,112761873.6,NMS,EQUITY,-0.07265,56185876.0,-0.12875,0.107,3.277,profit_margin=-0.07265; roe=-0.12875
PIPR,Piper Sandler Companies,Financials,S&P 600 (SmallCap),5337019904,75.52,41442355.2,NYQ,EQUITY,0.14529,,0.24528,0.249,2.429,free_cash_flow=None
PJT,"PJT Partners, Inc.",Financials,S&P 600 (SmallCap),7266656768,170.59,65979094.3,NYQ,EQUITY,0.10582,,0.37633,0.195,1.706,free_cash_flow=None
PLMR,"Palomar Holdings, Inc.",Financials,S&P 600 (SmallCap),3356557568,127.54,35760940.6,NMS,EQUITY,0.18615,569934144.0,0.22226,0.547,0.541,current_ratio=0.541
POWI,Power Integrations,Information Technology,S&P 600 (SmallCap),3566951168,63.84,42416572.8,NMS,EQUITY,0.05578,73703504.0,0.03622,0.027,7.069,roe=0.03622
PPLI,People Inc.,Communication Services,S&P 600 (SmallCap),3022490880,40.59,51385316.400000006,NMS,EQUITY,0.14123,73941128.0,0.09043,-0.015,3.691,roe=0.09043; revenue_growth=-0.015
PRIM,Primoris Services Corporation,Industrials,S&P 600 (SmallCap),4385181184,81.46,108725476.6,NYQ,EQUITY,0.01916,80155000.0,0.08889,-0.107,1.181,roe=0.08889; revenue_growth=-0.107
PRK,Park National Corp.,Financials,S&P 600 (SmallCap),3715255808,205.67,18915469.9,ASE,EQUITY,0.31254,,0.12585,0.257,,free_cash_flow=None; current_ratio=None
PRKS,United Parks & Resorts,Consumer Discretionary,S&P 600 (SmallCap),2006806272,44.26,36111291.4,NYQ,EQUITY,0.081099994,97038376.0,,-0.014,0.478,roe=None; revenue_growth=-0.014; current_ratio=0.478
PRLB,Protolabs,Industrials,S&P 600 (SmallCap),2172108288,90.8,20766868.0,NYQ,EQUITY,0.054369997,41775752.0,0.04494,0.106,3.637,roe=0.04494
PRVA,"Privia Health Group, Inc.",Health Care,S&P 600 (SmallCap),2751395072,21.54,34208751.0,NMS,EQUITY,0.01193,95646496.0,0.04306,0.214,1.616,roe=0.04306
PTCT,"PTC Therapeutics, Inc.",Health Care,S&P 600 (SmallCap),6062592512,72.64,102078086.4,NMS,EQUITY,-0.03805,-286804256.0,,1.015,3.394,profit_margin=-0.03805; free_cash_flow=-286804256; roe=None
PTEN,"Patterson-UTI Energy, Inc.",Energy,S&P 600 (SmallCap),4183386880,11.02,101279199.8,NMS,EQUITY,-0.019199999,273732384.0,-0.0277,0.007,1.75,profit_margin=-0.019199999; roe=-0.0277
PTON,"Peloton Interactive, Inc.",Consumer Discretionary,S&P 600 (SmallCap),2378685184,5.42,59736692.6,NMS,EQUITY,0.025840001,353875008.0,,0.001,2.837,roe=None
QRVO,Qorvo,Information Technology,S&P 600 (SmallCap),8666536960,98.24,121122060.8,NMS,EQUITY,0.10953,476142016.0,0.115559995,-0.042,3.543,revenue_growth=-0.042
QTWO,"Q2 Holdings, Inc.",Information Technology,S&P 600 (SmallCap),3900286208,62.55,62095887.0,NYQ,EQUITY,0.108710006,190320000.0,0.14984,0.126,0.945,current_ratio=0.945
RAL,Ralliant Corp,Information Technology,S&P 600 (SmallCap),8034677760,72.62,145104200.60000002,NYQ,EQUITY,-0.56386,333950016.0,-0.53898996,0.128,1.524,profit_margin=-0.56386; roe=-0.53898996
RCUS,"Arcus Biosciences, Inc.",Health Care,S&P 600 (SmallCap),3687574528,28.96,32468793.6,NYQ,EQUITY,0.0,-270624992.0,-0.90819,-0.744,3.818,profit_margin=0.0; free_cash_flow=-270624992; roe=-0.90819; revenue_growth=-0.744
RDNT,"RadNet, Inc.",Health Care,S&P 600 (SmallCap),6055753728,76.95,72178330.5,NGM,EQUITY,-0.00931,157737248.0,0.01498,0.25,1.484,profit_margin=-0.00931; roe=0.01498
REZI,"Resideo Technologies, Inc.",Industrials,S&P 600 (SmallCap),3893168896,25.71,52699175.34,NYQ,EQUITY,0.0558,-1820749952.0,0.15196,0.02,2.223,free_cash_flow=-1820749952
RHI,Robert Half,Industrials,S&P 600 (SmallCap),4250298624,41.55,71267391.0,NYQ,EQUITY,0.02168,113581872.0,0.09111,-0.024,1.468,roe=0.09111; revenue_growth=-0.024
RITM,Rithm Capital,Financials,S&P 600 (SmallCap),5712503808,10.23,62292618.3,NYQ,EQUITY,0.10784,,0.055910002,0.097,1.069,free_cash_flow=None; roe=0.055910002
RNG,"RingCentral, Inc.",Information Technology,S&P 600 (SmallCap),5250867200,62.88,126251092.8,NYQ,EQUITY,0.04267,639506496.0,,0.059,1.106,roe=None
RNST,Renasant Corp.,Financials,S&P 600 (SmallCap),3962383360,43.35,24124275.0,NYQ,EQUITY,0.29556,,0.082100004,0.453,,free_cash_flow=None; roe=0.082100004; current_ratio=None
ROG,Rogers Corporation,Information Technology,S&P 600 (SmallCap),2473450240,138.58,31510320.4,NYQ,EQUITY,0.03749,99825000.0,0.02596,0.069,3.988,roe=0.02596
RRR,"Red Rock Resorts, Inc.",Consumer Discretionary,S&P 600 (SmallCap),6434405888,63.09,59273685.900000006,NMS,EQUITY,0.08425,173044752.0,1.08938,-0.03,0.677,revenue_growth=-0.03; current_ratio=0.677
RUN,Sunrun,Industrials,S&P 600 (SmallCap),2369934336,9.84,103056780.0,NMS,EQUITY,0.11594,-1971139840.0,-0.19856001,0.528,1.422,free_cash_flow=-1971139840; roe=-0.19856001
RUSHA,Rush Enterprises,Industrials,S&P 600 (SmallCap),9411973120,80.63,40961652.6,NMS,EQUITY,0.03665,313673632.0,0.11795,-0.016,1.452,revenue_growth=-0.016
RXO,"RXO, Inc.",Industrials,S&P 600 (SmallCap),3745472256,22.71,54283031.7,NYQ,EQUITY,-0.017239999,5750000.0,-0.06787,0.25,1.268,profit_margin=-0.017239999; roe=-0.06787
SAH,"Sonic Automotive, Inc.",Consumer Discretionary,S&P 600 (SmallCap),2561431040,81.02,29655750.6,NYQ,EQUITY,0.013710001,-116075000.0,0.20631,0.076,1.012,free_cash_flow=-116075000
SBCF,Seacoast Banking Corporation of Florida,Financials,S&P 600 (SmallCap),3443994112,35.57,34299795.3,NMS,EQUITY,0.2377,,0.06067,0.383,,free_cash_flow=None; roe=0.06067; current_ratio=None
SEI,"Solaris Energy Infrastructure, Inc.",Energy,S&P 600 (SmallCap),6218708992,61.8,204124782.0,NYQ,EQUITY,0.07192,-806578240.0,0.08099,0.469,4.123,free_cash_flow=-806578240; roe=0.08099
SFBS,"ServisFirst Bancshares, Inc.",Financials,S&P 600 (SmallCap),4945128448,90.45,18637222.5,NYQ,EQUITY,0.54804003,,0.17334999,0.301,,free_cash_flow=None; current_ratio=None
SFNC,Simmons First National Corporation,Financials,S&P 600 (SmallCap),3445208832,23.84,30200273.6,NMS,EQUITY,0.0,,-0.09941,0.143,,profit_margin=0.0; free_cash_flow=None; roe=-0.09941; current_ratio=None
SHAK,"Shake Shack, Inc.",Consumer Discretionary,S&P 600 (SmallCap),3121244928,72.86,181223949.4,NYQ,EQUITY,0.02559,-41693376.0,0.0794,0.172,1.668,free_cash_flow=-41693376; roe=0.0794
SHO,"Sunstone Hotel Investors, Inc.",Real Estate,S&P 600 (SmallCap),2008194560,10.8,29244240.000000004,NYQ,EQUITY,0.053039998,-112805248.0,0.027520001,0.061,5.435,free_cash_flow=-112805248; roe=0.027520001
SKT,"Tanger Factory Outlet Centers, Inc.",Real Estate,S&P 600 (SmallCap),4599851008,38.48,43698657.6,NYQ,EQUITY,0.2023,227820992.0,0.19399999,0.115,0.743,current_ratio=0.743
SKYW,"SkyWest, Inc.",Industrials,S&P 600 (SmallCap),4252771840,107.23,38257519.4,NMS,EQUITY,0.09782,145134624.0,0.15341,0.065,0.569,current_ratio=0.569
SLG,SL Green Realty,Real Estate,S&P 600 (SmallCap),4330541056,56.44,47070395.6,NYQ,EQUITY,-0.16719,581023296.0,-0.03573,0.273,2.466,profit_margin=-0.16719; roe=-0.03573
SM,SM Energy Company,Energy,S&P 600 (SmallCap),7711228416,32.42,130568632.2,NYQ,EQUITY,0.20153,1472082944.0,0.16125,1.761,0.615,current_ratio=0.615
SNDR,Schneider National,Industrials,S&P 600 (SmallCap),6265254400,35.74,28212441.200000003,NYQ,EQUITY,0.01918,87137504.0,0.036760002,0.104,2.033,roe=0.036760002
SNEX,StoneX Group Inc.,Financials,S&P 600 (SmallCap),8370801664,69.4,78719032.0,NMS,EQUITY,0.00338,,0.2185,0.152,1.065,free_cash_flow=None
SPHR,Sphere Entertainment,Communication Services,S&P 600 (SmallCap),6288113664,175.09,154900372.1,NYQ,EQUITY,-0.05663,442722880.0,-0.03097,0.11,1.224,profit_margin=-0.05663; roe=-0.03097
SPNT,SiriusPoint Ltd.,Financials,S&P 600 (SmallCap),2660178944,22.9,15965650.999999998,NYQ,EQUITY,0.16849001,204187504.0,0.23068,-0.005,0.655,revenue_growth=-0.005; current_ratio=0.655
SPSC,"SPS Commerce, Inc.",Information Technology,S&P 600 (SmallCap),2750773504,76.41,54706503.6,NMS,EQUITY,0.10098,176569376.0,0.08262,0.056,2.259,roe=0.08262
STEP,StepStone Group,Financials,S&P 600 (SmallCap),6208936960,48.1,87206262.0,NMS,EQUITY,-0.30535,2822566144.0,-0.61397,0.04,0.639,profit_margin=-0.30535; roe=-0.61397; current_ratio=0.639
SUPN,"Supernus Pharmaceuticals, Inc.",Health Care,S&P 600 (SmallCap),2782540032,47.87,72046264.8,NGM,EQUITY,-0.13232,84611000.0,-0.104899995,0.324,2.083,profit_margin=-0.13232; roe=-0.104899995
SXT,Sensient Technologies,Materials,S&P 600 (SmallCap),5548012544,130.33,36712657.7,NYQ,EQUITY,0.09273,-2621250.0,0.13071,0.116,4.39,free_cash_flow=-2621250
TALO,"Talos Energy, Inc.",Energy,S&P 600 (SmallCap),2587964928,15.5,35674180.0,NYQ,EQUITY,-0.20462999,550837376.0,-0.17822,0.566,1.613,profit_margin=-0.20462999; roe=-0.17822
TBBK,"The Bancorp, Inc.",Financials,S&P 600 (SmallCap),2834683136,69.5,33254360.0,NMS,EQUITY,0.43607,,0.29629,0.004,,free_cash_flow=None; current_ratio=None
TDC,Teradata,Information Technology,S&P 600 (SmallCap),2486820096,26.74,102456181.8,NYQ,EQUITY,0.27085,348500000.0,1.19116,0.005,0.915,current_ratio=0.915
TDW,"Tidewater, Inc.",Energy,S&P 600 (SmallCap),4558168576,91.61,71042638.9,NYQ,EQUITY,0.18336001,367619136.0,0.19448,-0.431,3.582,revenue_growth=-0.431
TFX,Teleflex,Health Care,S&P 600 (SmallCap),5776205312,136.32,95278137.6,NYQ,EQUITY,-0.45761,179542000.0,-0.00701,0.289,2.604,profit_margin=-0.45761; roe=-0.00701
TR,"Tootsie Roll Industries, Inc.",Consumer Staples,S&P 600 (SmallCap),3046358528,40.53,5112859.5,NYQ,EQUITY,0.12991999,59253124.0,0.1034,-0.006,2.893,revenue_growth=-0.006
TRMK,Trustmark Corp.,Financials,S&P 600 (SmallCap),2794355968,48.12,16304980.8,NMS,EQUITY,0.28741,,0.111190006,0.09,,free_cash_flow=None; current_ratio=None
TRN,"Trinity Industries, Inc.",Industrials,S&P 600 (SmallCap),2300854784,28.88,27104168.8,NYQ,EQUITY,0.16618,-335049984.0,0.30156,-0.042,2.168,free_cash_flow=-335049984; revenue_growth=-0.042
TRNO,Terreno Realty Corporation,Real Estate,S&P 600 (SmallCap),7484081152,68.68,46992229.6,NYQ,EQUITY,0.77274,319524640.0,0.0928,0.111,0.62,roe=0.0928; current_ratio=0.62
UA,Under Armour (Class C),Consumer Discretionary,S&P 600 (SmallCap),2199273216,5.12,17148779.52,NYQ,EQUITY,-0.09989,145967632.0,-0.29825002,-0.032,1.81,profit_margin=-0.09989; roe=-0.29825002; revenue_growth=-0.032
UAA,Under Armour (Class A),Consumer Discretionary,S&P 600 (SmallCap),2259409664,5.26,53874498.0,NYQ,EQUITY,-0.09989,145967632.0,-0.29825002,-0.032,1.81,profit_margin=-0.09989; roe=-0.29825002; revenue_growth=-0.032
UCB,"United Community Banks, Inc.",Financials,S&P 600 (SmallCap),4388948480,36.4,29768648.0,NYQ,EQUITY,0.34092,,0.10271,0.244,,free_cash_flow=None; current_ratio=None
UCTT,"Ultra Clean Holdings, Inc.",Information Technology,S&P 600 (SmallCap),4063690240,90.65,128584305.5,NMS,EQUITY,-0.01066,-81487504.0,-0.0155299995,0.243,2.733,profit_margin=-0.01066; free_cash_flow=-81487504; roe=-0.0155299995
UE,Urban Edge Properties,Real Estate,S&P 600 (SmallCap),3002956288,21.81,18757908.6,NYQ,EQUITY,0.13948,226218256.0,0.05092,0.076,1.196,roe=0.05092
UNF,UniFirst Corporation,Industrials,S&P 600 (SmallCap),5244952576,290.03,37570486.2,NYQ,EQUITY,0.04645,98668752.0,0.05296,0.039,3.111,roe=0.05296
UNFI,United Natural Foods Inc,Consumer Staples,S&P 600 (SmallCap),2898866944,47.9,22902906.0,NYQ,EQUITY,-0.00122,482500000.0,-0.02296,-0.042,1.328,profit_margin=-0.00122; roe=-0.02296; revenue_growth=-0.042
UNIT,Uniti Group,Communication Services,S&P 600 (SmallCap),2308316160,9.51,26449972.8,NMS,EQUITY,0.30449,-258078000.0,,2.025,1.222,free_cash_flow=-258078000; roe=None
VAC,Marriott Vacations Worldwide,Consumer Discretionary,S&P 600 (SmallCap),4104393472,119.33,76266189.6,NYQ,EQUITY,-0.097799994,275249984.0,-0.1471,0.097,4.549,profit_margin=-0.097799994; roe=-0.1471
VCEL,Vericel,Health Care,S&P 600 (SmallCap),2290471936,44.73,21680631.0,NGM,EQUITY,0.07908,55544876.0,0.07157,0.225,5.039,roe=0.07157
VCYT,"Veracyte, Inc.",Health Care,S&P 600 (SmallCap),3591857664,44.68,74658046.0,NGM,EQUITY,0.20374,106230872.0,0.087740004,0.155,9.162,roe=0.087740004
VECO,Veeco Instruments Inc.,Information Technology,S&P 600 (SmallCap),3255764480,53.26,50759975.6,NMS,EQUITY,0.03404,72047000.0,0.02643,0.165,3.926,roe=0.02643
VGNT,Versigent PLC,Consumer Discretionary,S&P 600 (SmallCap),3218045952,45.43,47830521.2,NYQ,EQUITY,0.05647,,,0.108,1.398,free_cash_flow=None; roe=None
VIRT,"Virtu Financial, Inc.",Financials,S&P 600 (SmallCap),5041085952,57.09,60477149.7,NYQ,EQUITY,0.16874,,0.53617,0.291,1.108,free_cash_flow=None
VSAT,"Viasat, Inc.",Information Technology,S&P 600 (SmallCap),12016439296,87.23,210665683.8,NMS,EQUITY,-0.00635,250167376.0,0.0019,-0.012,1.675,profit_margin=-0.00635; roe=0.0019; revenue_growth=-0.012
VSEC,VSE Corporation,Industrials,S&P 600 (SmallCap),6808562176,242.6,111251508.0,NMS,EQUITY,0.05528,-260715008.0,0.042659998,0.65,3.768,free_cash_flow=-260715008; roe=0.042659998
VSH,Vishay Intertechnology,Information Technology,S&P 600 (SmallCap),5145870848,33.55,181990633.0,NYQ,EQUITY,0.00856,14999875.0,0.01134,0.166,1.802,roe=0.01134
VSNT,"Versant Media Group, Inc.",Communication Services,S&P 600 (SmallCap),5270370816,37.87,81175859.8,NMS,EQUITY,0.114779994,1979750016.0,0.08063,-0.037,2.38,roe=0.08063; revenue_growth=-0.037
VVX,"V2X, Inc.",Industrials,S&P 600 (SmallCap),2554019840,81.48,66737823.6,NYQ,EQUITY,0.018760001,106377504.0,0.08349,0.165,1.318,roe=0.08349
WAFD,"WaFd, Inc.",Financials,S&P 600 (SmallCap),2792508160,37.76,22174182.4,NMS,EQUITY,0.33699,,0.08497,0.056,,free_cash_flow=None; roe=0.08497; current_ratio=None
WAY,Waystar Holding Corp,Health Care,S&P 600 (SmallCap),4705506304,24.54,92611751.4,NMS,EQUITY,0.11179,313745376.0,0.03765,0.181,1.847,roe=0.03765
WERN,Werner Enterprises,Industrials,S&P 600 (SmallCap),2269111808,37.85,43780716.5,NMS,EQUITY,-0.01423,69455872.0,-0.03909,0.24,1.448,profit_margin=-0.01423; roe=-0.03909
WLY,John Wiley & Sons,Communication Services,S&P 600 (SmallCap),2534972160,49.94,20189044.04,NYQ,EQUITY,0.13219,202073248.0,0.27694,0.012,0.539,current_ratio=0.539
WRBY,Warby Parker,Consumer Discretionary,S&P 600 (SmallCap),3129755904,25.32,78780141.6,NYQ,EQUITY,0.00849,16900750.0,0.020550001,0.098,2.268,roe=0.020550001
WSBC,WesBanco,Financials,S&P 600 (SmallCap),4065450496,42.39,32744155.5,NMS,EQUITY,0.3401,,0.08979999,0.035,,free_cash_flow=None; roe=0.08979999; current_ratio=None
WSC,WillScot Holdings Corp.,Industrials,S&P 600 (SmallCap),3995260416,22.05,71183353.5,NCM,EQUITY,-0.030030001,248800992.0,-0.07083,0.039,0.811,profit_margin=-0.030030001; roe=-0.07083; current_ratio=0.811
WSFS,WSFS Financial Corporation,Financials,S&P 600 (SmallCap),4145491456,81.14,29225005.2,NMS,EQUITY,0.29723,,0.11901,0.088,,free_cash_flow=None; current_ratio=None
WU,Western Union,Financials,S&P 600 (SmallCap),2226815744,7.14,129294690.0,NYQ,EQUITY,0.097950004,357275008.0,0.43975,-0.013,0.277,revenue_growth=-0.013; current_ratio=0.277
